{
  "target_counts": [
    29,
    11,
    9,
    8,
    26,
    43,
    55,
    31,
    23,
    22,
    21,
    24,
    29,
    54,
    40,
    19,
    36,
    31,
    26,
    35,
    52,
    37,
    34,
    20,
    31,
    31,
    51,
    27,
    28,
    24,
    34,
    27,
    26,
    47,
    50,
    33,
    6,
    21,
    36,
    43,
    36,
    39,
    37,
    12,
    23,
    45,
    43,
    47,
    35,
    18,
    36,
    27,
    32,
    46,
    31,
    42,
    18,
    7,
    25,
    23,
    17,
    26,
    28,
    30
  ],
  "reference_counts": [
    45,
    46,
    48,
    55,
    50,
    45,
    53,
    52,
    34,
    52,
    51,
    52,
    45,
    54,
    48,
    44,
    55,
    53,
    46,
    49,
    40,
    52,
    51,
    51,
    44,
    51,
    51,
    47,
    45,
    55,
    45,
    43,
    60,
    48,
    46,
    53,
    45,
    35,
    53,
    47,
    33,
    58,
    58,
    35,
    52,
    41,
    34,
    46,
    51,
    43,
    37,
    62,
    43,
    42,
    41,
    46,
    28,
    41,
    37,
    38,
    42,
    44,
    38,
    47
  ],
  "differences": [
    -16,
    -35,
    -39,
    -47,
    -24,
    -2,
    2,
    -21,
    -11,
    -30,
    -30,
    -28,
    -16,
    0,
    -8,
    -25,
    -19,
    -22,
    -20,
    -14,
    12,
    -15,
    -17,
    -31,
    -13,
    -20,
    0,
    -20,
    -17,
    -31,
    -11,
    -16,
    -34,
    -1,
    4,
    -20,
    -39,
    -14,
    -17,
    -4,
    3,
    -19,
    -21,
    -23,
    -29,
    4,
    9,
    1,
    -16,
    -25,
    -1,
    -35,
    -11,
    4,
    -10,
    -4,
    -10,
    -34,
    -12,
    -15,
    -25,
    -18,
    -10,
    -17
  ],
  "bin_centers": [
    0.04908738521234052,
    0.14726215563702155,
    0.2454369260617026,
    0.3436116964863836,
    0.44178646691106466,
    0.5399612373357456,
    0.6381360077604268,
    0.7363107781851077,
    0.8344855486097889,
    0.9326603190344698,
    1.030835089459151,
    1.1290098598838318,
    1.227184630308513,
    1.325359400733194,
    1.423534171157875,
    1.521708941582556,
    1.6198837120072371,
    1.718058482431918,
    1.8162332528565992,
    1.9144080232812801,
    2.0125827937059615,
    2.110757564130642,
    2.208932334555323,
    2.3071071049800045,
    2.405281875404685,
    2.5034566458293668,
    2.6016314162540475,
    2.699806186678728,
    2.7979809571034098,
    2.8961557275280905,
    2.994330497952771,
    3.0925052683774528,
    3.1906800388021335,
    3.288854809226815,
    3.3870295796514958,
    3.4852043500761765,
    3.583379120500858,
    3.6815538909255388,
    3.7797286613502195,
    3.877903431774901,
    3.9760782021995817,
    4.074252972624263,
    4.172427743048944,
    4.270602513473625,
    4.368777283898305,
    4.466952054322987,
    4.565126824747669,
    4.663301595172349,
    4.76147636559703,
    4.859651136021711,
    4.957825906446392,
    5.056000676871074,
    5.154175447295755,
    5.252350217720435,
    5.350524988145116,
    5.448699758569798,
    5.546874528994478,
    5.64504929941916,
    5.743224069843841,
    5.841398840268521,
    5.939573610693202,
    6.037748381117884,
    6.135923151542565,
    6.234097921967246
  ],
  "bins": 64,
  "period": 100,
  "t_min": 400,
  "t_max": 994.2941500000001
}