{
  "target_counts": [
    57,
    53,
    70,
    88,
    73,
    78,
    70,
    70,
    68,
    76,
    62,
    63,
    72,
    63,
    71,
    82,
    66,
    62,
    68,
    63,
    71,
    61,
    85,
    85,
    54,
    80,
    58,
    74,
    56,
    75,
    74,
    76,
    74,
    63,
    78,
    51,
    71,
    63,
    55,
    69,
    81,
    82,
    68,
    55,
    64,
    71,
    57,
    62,
    75,
    95,
    77,
    63,
    68,
    53,
    64,
    70,
    65,
    65,
    58,
    58,
    42,
    31,
    39,
    46
  ],
  "reference_counts": [
    20,
    12,
    34,
    32,
    25,
    37,
    27,
    26,
    34,
    33,
    22,
    14,
    39,
    27,
    24,
    40,
    19,
    25,
    47,
    21,
    17,
    31,
    31,
    23,
    30,
    36,
    19,
    25,
    42,
    25,
    21,
    33,
    17,
    25,
    45,
    28,
    16,
    39,
    25,
    23,
    31,
    26,
    16,
    34,
    35,
    26,
    24,
    39,
    20,
    30,
    32,
    21,
    28,
    30,
    29,
    20,
    26,
    38,
    23,
    29,
    24,
    13,
    14,
    34
  ],
  "differences": [
    37,
    41,
    36,
    56,
    48,
    41,
    43,
    44,
    34,
    43,
    40,
    49,
    33,
    36,
    47,
    42,
    47,
    37,
    21,
    42,
    54,
    30,
    54,
    62,
    24,
    44,
    39,
    49,
    14,
    50,
    53,
    43,
    57,
    38,
    33,
    23,
    55,
    24,
    30,
    46,
    50,
    56,
    52,
    21,
    29,
    45,
    33,
    23,
    55,
    65,
    45,
    42,
    40,
    23,
    35,
    50,
    39,
    27,
    35,
    29,
    18,
    18,
    25,
    12
  ],
  "bin_centers": [
    0.04908738521234052,
    0.14726215563702155,
    0.2454369260617026,
    0.3436116964863836,
    0.44178646691106466,
    0.5399612373357456,
    0.6381360077604268,
    0.7363107781851077,
    0.8344855486097889,
    0.9326603190344698,
    1.030835089459151,
    1.1290098598838318,
    1.227184630308513,
    1.325359400733194,
    1.423534171157875,
    1.521708941582556,
    1.6198837120072371,
    1.718058482431918,
    1.8162332528565992,
    1.9144080232812801,
    2.0125827937059615,
    2.110757564130642,
    2.208932334555323,
    2.3071071049800045,
    2.405281875404685,
    2.5034566458293668,
    2.6016314162540475,
    2.699806186678728,
    2.7979809571034098,
    2.8961557275280905,
    2.994330497952771,
    3.0925052683774528,
    3.1906800388021335,
    3.288854809226815,
    3.3870295796514958,
    3.4852043500761765,
    3.583379120500858,
    3.6815538909255388,
    3.7797286613502195,
    3.877903431774901,
    3.9760782021995817,
    4.074252972624263,
    4.172427743048944,
    4.270602513473625,
    4.368777283898305,
    4.466952054322987,
    4.565126824747669,
    4.663301595172349,
    4.76147636559703,
    4.859651136021711,
    4.957825906446392,
    5.056000676871074,
    5.154175447295755,
    5.252350217720435,
    5.350524988145116,
    5.448699758569798,
    5.546874528994478,
    5.64504929941916,
    5.743224069843841,
    5.841398840268521,
    5.939573610693202,
    6.037748381117884,
    6.135923151542565,
    6.234097921967246
  ],
  "bins": 64,
  "period": 100,
  "t_min": 400,
  "t_max": 707.37195
}