{
  "target_counts": [
    55,
    53,
    60,
    45,
    60,
    59,
    53,
    62,
    58,
    56,
    52,
    60,
    42,
    57,
    65,
    48,
    49,
    63,
    59,
    60,
    62,
    50,
    59,
    51,
    58,
    52,
    57,
    49,
    54,
    53,
    67,
    58,
    53,
    54,
    55,
    59,
    56,
    62,
    43,
    44,
    67,
    44,
    59,
    48,
    47,
    46,
    60,
    51,
    65,
    59,
    57,
    47,
    63,
    51,
    44,
    53,
    51,
    52,
    37,
    41,
    51,
    31,
    48,
    36
  ],
  "reference_counts": [
    28,
    25,
    29,
    16,
    28,
    36,
    20,
    21,
    25,
    27,
    22,
    20,
    26,
    23,
    32,
    21,
    25,
    23,
    24,
    25,
    14,
    28,
    26,
    26,
    22,
    29,
    27,
    23,
    22,
    21,
    20,
    29,
    22,
    29,
    22,
    32,
    25,
    21,
    27,
    22,
    23,
    13,
    25,
    20,
    31,
    29,
    18,
    30,
    13,
    32,
    25,
    22,
    19,
    26,
    23,
    22,
    24,
    27,
    21,
    21,
    21,
    16,
    20,
    23
  ],
  "differences": [
    27,
    28,
    31,
    29,
    32,
    23,
    33,
    41,
    33,
    29,
    30,
    40,
    16,
    34,
    33,
    27,
    24,
    40,
    35,
    35,
    48,
    22,
    33,
    25,
    36,
    23,
    30,
    26,
    32,
    32,
    47,
    29,
    31,
    25,
    33,
    27,
    31,
    41,
    16,
    22,
    44,
    31,
    34,
    28,
    16,
    17,
    42,
    21,
    52,
    27,
    32,
    25,
    44,
    25,
    21,
    31,
    27,
    25,
    16,
    20,
    30,
    15,
    28,
    13
  ],
  "bin_centers": [
    0.04908738521234052,
    0.14726215563702155,
    0.2454369260617026,
    0.3436116964863836,
    0.44178646691106466,
    0.5399612373357456,
    0.6381360077604268,
    0.7363107781851077,
    0.8344855486097889,
    0.9326603190344698,
    1.030835089459151,
    1.1290098598838318,
    1.227184630308513,
    1.325359400733194,
    1.423534171157875,
    1.521708941582556,
    1.6198837120072371,
    1.718058482431918,
    1.8162332528565992,
    1.9144080232812801,
    2.0125827937059615,
    2.110757564130642,
    2.208932334555323,
    2.3071071049800045,
    2.405281875404685,
    2.5034566458293668,
    2.6016314162540475,
    2.699806186678728,
    2.7979809571034098,
    2.8961557275280905,
    2.994330497952771,
    3.0925052683774528,
    3.1906800388021335,
    3.288854809226815,
    3.3870295796514958,
    3.4852043500761765,
    3.583379120500858,
    3.6815538909255388,
    3.7797286613502195,
    3.877903431774901,
    3.9760782021995817,
    4.074252972624263,
    4.172427743048944,
    4.270602513473625,
    4.368777283898305,
    4.466952054322987,
    4.565126824747669,
    4.663301595172349,
    4.76147636559703,
    4.859651136021711,
    4.957825906446392,
    5.056000676871074,
    5.154175447295755,
    5.252350217720435,
    5.350524988145116,
    5.448699758569798,
    5.546874528994478,
    5.64504929941916,
    5.743224069843841,
    5.841398840268521,
    5.939573610693202,
    6.037748381117884,
    6.135923151542565,
    6.234097921967246
  ],
  "bins": 64,
  "period": 100,
  "t_min": 400,
  "t_max": 708.1903500000001
}