{
  "ItoE_weight_RA": 0.00113019702411661,
  "ItoE_w_min_RA": 0.00055510777548136,
  "ItoE_smooth_RA": 1.3968208408382234,
  "ItoE_x_half_RA": 0.1825435892409156,
  "InterPSDC_weight_RA": 0.00180477038219716,
  "InterPSDC_w_min_RA": 0.00082468388537604,
  "InterPSDC_smooth_RA": 0.5374400383208882,
  "InterPSDC_x_half_RA": 0.1939727668532634,
  "PANtoE_weight_RA": 0.00224413654471933,
  "PANtoE_w_min_RA": 0.00202501664164014,
  "PANtoE_smooth_RA": 1.2622244511253131,
  "PANtoE_x_half_RA": 0.1499623273906766,
  "PANtoI_weight_RA": 0.00097144086205816,
  "PANtoI_w_min_RA": 0.00022693384480918,
  "PANtoI_smooth_RA": 1.394288190571782,
  "PANtoI_x_half_RA": 0.100091925936522,
  "tauExcProj_RA": 2.0016657852554007,
  "tauExcInh_RA": 2.0,
  "tauExcPSDC_RA": 3.9441679516523735,
  "tauPSDCtoProj_RA": 140.52591403912507,
  "tauPSDCtoInh_RA": 64.71677776990902,
  "tauInh_RA": 43.59163837626122,
  "tau_recExcProj_RA": 66.38619881534355,
  "tau_recExcInh_RA": 121.64658185595974,
  "tau_recExcPSDC_RA": 4.926456414158792,
  "tau_recPSDCtoProj_RA": 37.99601991870437,
  "tau_recPSDCtoInh_RA": 2.6425961455646245,
  "tau_recInh_RA": 5.889967455856716,
  "UExcProj_RA": 0.4073468494963332,
  "UExcInh_RA": 0.4917197283292252,
  "UExcPSDC_RA": 0.3929736468205059,
  "UPSDCtoProj_RA": 0.1082589544175932,
  "UPSDCtoInh_RA": 0.2641796358404781,
  "UInh_RA": 0.3795752020069211,
  "tau_facilExcProj_RA": 26.467784262223677,
  "tau_facilExcInh_RA": 150.1985056932814,
  "tau_facilExcPSDC_RA": 213.8845267703929,
  "tau_facilPSDCtoProj_RA": 33.328316634832866,
  "tau_facilPSDCtoInh_RA": 2.233764687893484,
  "tau_facilInh_RA": 176.77770154287964
}