{
  "ItoE_weight_SA": 0.00030889157170353,
  "ItoE_w_min_SA": 0.00016907124049691,
  "ItoE_smooth_SA": 2.271462810741321,
  "ItoE_x_half_SA": 0.1320071382616015,
  "InterPSDC_weight_SA": 0.00049154870282143,
  "InterPSDC_w_min_SA": 0.00013165327621017,
  "InterPSDC_smooth_SA": 0.8953331063206896,
  "InterPSDC_x_half_SA": 0.1365474415616478,
  "PANtoE_weight_SA": 0.00046687287742693,
  "PANtoE_w_min_SA": 0.00020314912380465,
  "PANtoE_smooth_SA": 0.5050806522469033,
  "PANtoE_x_half_SA": 0.1029483413487478,
  "PANtoI_weight_SA": 0.00053808172331172,
  "PANtoI_w_min_SA": 0.00011095030075408,
  "PANtoI_smooth_SA": 1.7932745207837528,
  "PANtoI_x_half_SA": 0.1927526968857092,
  "tauExcProj_SA": 19.74784059820813,
  "tauExcInh_SA": 2.5105520408736925,
  "tauExcPSDC_SA": 81.39302506693065,
  "tauPSDCtoProj_SA": 35.37117551321429,
  "tauPSDCtoInh_SA": 25.95515959402697,
  "tauInh_SA": 185.57379729933373,
  "tau_recExcProj_SA": 2.967498683921823,
  "tau_recExcInh_SA": 105.33581441539872,
  "tau_recExcPSDC_SA": 40.980965789802326,
  "tau_recPSDCtoProj_SA": 35.34530638560924,
  "tau_recPSDCtoInh_SA": 87.83232785481663,
  "tau_recInh_SA": 27.5549087774891,
  "UExcProj_SA": 0.3387564453048395,
  "UExcInh_SA": 0.2670518244053245,
  "UExcPSDC_SA": 0.4629511931355069,
  "UPSDCtoProj_SA": 0.3099234959457738,
  "UPSDCtoInh_SA": 0.1160954947217317,
  "UInh_SA": 0.3585016817468452,
  "tau_facilExcProj_SA": 34.32553782109077,
  "tau_facilExcInh_SA": 162.60869944707238,
  "tau_facilExcPSDC_SA": 53.55871070690108,
  "tau_facilPSDCtoProj_SA": 96.90841714222032,
  "tau_facilPSDCtoInh_SA": 154.44677845792762,
  "tau_facilInh_SA": 121.54840758052973
}