{
  "target_counts": [
    97,
    93,
    109,
    103,
    97,
    119,
    127,
    110,
    95,
    108,
    113,
    102,
    123,
    81,
    130,
    135,
    117,
    107,
    103,
    109,
    132,
    108,
    101,
    108,
    102,
    119,
    104,
    100,
    113,
    103,
    115,
    107,
    122,
    124,
    116,
    122,
    99,
    109,
    117,
    96,
    96,
    96,
    109,
    104,
    111,
    115,
    90,
    115,
    121,
    84,
    102,
    96,
    102,
    89,
    88,
    89,
    106,
    78,
    82,
    93,
    85,
    97,
    75,
    102
  ],
  "reference_counts": [
    45,
    46,
    48,
    55,
    50,
    45,
    53,
    52,
    34,
    52,
    51,
    52,
    45,
    54,
    48,
    44,
    55,
    53,
    46,
    49,
    40,
    52,
    51,
    51,
    44,
    51,
    51,
    47,
    45,
    55,
    45,
    43,
    60,
    48,
    46,
    53,
    45,
    35,
    53,
    47,
    33,
    58,
    58,
    35,
    52,
    41,
    34,
    46,
    51,
    43,
    37,
    62,
    43,
    42,
    41,
    46,
    28,
    41,
    37,
    38,
    42,
    44,
    38,
    47
  ],
  "differences": [
    52,
    47,
    61,
    48,
    47,
    74,
    74,
    58,
    61,
    56,
    62,
    50,
    78,
    27,
    82,
    91,
    62,
    54,
    57,
    60,
    92,
    56,
    50,
    57,
    58,
    68,
    53,
    53,
    68,
    48,
    70,
    64,
    62,
    76,
    70,
    69,
    54,
    74,
    64,
    49,
    63,
    38,
    51,
    69,
    59,
    74,
    56,
    69,
    70,
    41,
    65,
    34,
    59,
    47,
    47,
    43,
    78,
    37,
    45,
    55,
    43,
    53,
    37,
    55
  ],
  "bin_centers": [
    0.04908738521234052,
    0.14726215563702155,
    0.2454369260617026,
    0.3436116964863836,
    0.44178646691106466,
    0.5399612373357456,
    0.6381360077604268,
    0.7363107781851077,
    0.8344855486097889,
    0.9326603190344698,
    1.030835089459151,
    1.1290098598838318,
    1.227184630308513,
    1.325359400733194,
    1.423534171157875,
    1.521708941582556,
    1.6198837120072371,
    1.718058482431918,
    1.8162332528565992,
    1.9144080232812801,
    2.0125827937059615,
    2.110757564130642,
    2.208932334555323,
    2.3071071049800045,
    2.405281875404685,
    2.5034566458293668,
    2.6016314162540475,
    2.699806186678728,
    2.7979809571034098,
    2.8961557275280905,
    2.994330497952771,
    3.0925052683774528,
    3.1906800388021335,
    3.288854809226815,
    3.3870295796514958,
    3.4852043500761765,
    3.583379120500858,
    3.6815538909255388,
    3.7797286613502195,
    3.877903431774901,
    3.9760782021995817,
    4.074252972624263,
    4.172427743048944,
    4.270602513473625,
    4.368777283898305,
    4.466952054322987,
    4.565126824747669,
    4.663301595172349,
    4.76147636559703,
    4.859651136021711,
    4.957825906446392,
    5.056000676871074,
    5.154175447295755,
    5.252350217720435,
    5.350524988145116,
    5.448699758569798,
    5.546874528994478,
    5.64504929941916,
    5.743224069843841,
    5.841398840268521,
    5.939573610693202,
    6.037748381117884,
    6.135923151542565,
    6.234097921967246
  ],
  "bins": 64,
  "period": 100,
  "t_min": 400,
  "t_max": 994.2941500000001
}