{
  "target_counts": [
    112,
    165,
    150,
    127,
    146,
    124,
    157,
    113,
    125,
    147,
    122,
    137,
    140,
    146,
    133,
    129,
    130,
    166,
    128,
    127,
    128,
    134,
    123,
    132,
    158,
    141,
    138,
    150,
    128,
    127,
    144,
    139,
    124,
    160,
    137,
    127,
    148,
    126,
    146,
    133,
    132,
    120,
    131,
    137,
    144,
    136,
    140,
    128,
    159,
    129,
    145,
    130,
    120,
    131,
    115,
    114,
    104,
    120,
    112,
    116,
    109,
    124,
    133,
    115
  ],
  "reference_counts": [
    51,
    53,
    59,
    63,
    63,
    61,
    54,
    56,
    46,
    60,
    49,
    56,
    61,
    61,
    62,
    56,
    58,
    49,
    55,
    47,
    49,
    60,
    62,
    60,
    65,
    56,
    59,
    54,
    50,
    56,
    47,
    56,
    63,
    55,
    58,
    58,
    56,
    50,
    63,
    53,
    54,
    60,
    58,
    58,
    52,
    56,
    49,
    57,
    61,
    46,
    55,
    58,
    45,
    57,
    53,
    50,
    39,
    55,
    44,
    54,
    44,
    55,
    39,
    53
  ],
  "differences": [
    61,
    112,
    91,
    64,
    83,
    63,
    103,
    57,
    79,
    87,
    73,
    81,
    79,
    85,
    71,
    73,
    72,
    117,
    73,
    80,
    79,
    74,
    61,
    72,
    93,
    85,
    79,
    96,
    78,
    71,
    97,
    83,
    61,
    105,
    79,
    69,
    92,
    76,
    83,
    80,
    78,
    60,
    73,
    79,
    92,
    80,
    91,
    71,
    98,
    83,
    90,
    72,
    75,
    74,
    62,
    64,
    65,
    65,
    68,
    62,
    65,
    69,
    94,
    62
  ],
  "bin_centers": [
    0.04908738521234052,
    0.14726215563702155,
    0.2454369260617026,
    0.3436116964863836,
    0.44178646691106466,
    0.5399612373357456,
    0.6381360077604268,
    0.7363107781851077,
    0.8344855486097889,
    0.9326603190344698,
    1.030835089459151,
    1.1290098598838318,
    1.227184630308513,
    1.325359400733194,
    1.423534171157875,
    1.521708941582556,
    1.6198837120072371,
    1.718058482431918,
    1.8162332528565992,
    1.9144080232812801,
    2.0125827937059615,
    2.110757564130642,
    2.208932334555323,
    2.3071071049800045,
    2.405281875404685,
    2.5034566458293668,
    2.6016314162540475,
    2.699806186678728,
    2.7979809571034098,
    2.8961557275280905,
    2.994330497952771,
    3.0925052683774528,
    3.1906800388021335,
    3.288854809226815,
    3.3870295796514958,
    3.4852043500761765,
    3.583379120500858,
    3.6815538909255388,
    3.7797286613502195,
    3.877903431774901,
    3.9760782021995817,
    4.074252972624263,
    4.172427743048944,
    4.270602513473625,
    4.368777283898305,
    4.466952054322987,
    4.565126824747669,
    4.663301595172349,
    4.76147636559703,
    4.859651136021711,
    4.957825906446392,
    5.056000676871074,
    5.154175447295755,
    5.252350217720435,
    5.350524988145116,
    5.448699758569798,
    5.546874528994478,
    5.64504929941916,
    5.743224069843841,
    5.841398840268521,
    5.939573610693202,
    6.037748381117884,
    6.135923151542565,
    6.234097921967246
  ],
  "bins": 64,
  "period": 100,
  "t_min": 400,
  "t_max": 992.1917000000001
}