{
  "ItoE_weight": 0.00030204189253843,
  "InterPSDC_weight": 0.00050521894736626,
  "PANtoE_weight": 0.00071925730826268,
  "PANtoI_weight": 0.0005108105744796,
  "tauExcProj": 6.814635014497858,
  "tauExcInh": 2.0046523858715206,
  "tauExcPSDC": 7.521967219370524,
  "tauPSDCtoProj": 60.673282593975685,
  "tauPSDCtoInh": 121.05440640825546,
  "tauInh": 60.06226397464326,
  "tau_recExcProj": 23.543252322742276,
  "tau_recExcInh": 67.05364273559803,
  "tau_recExcPSDC": 158.7420990393885,
  "tau_recPSDCtoProj": 2.046427426520024,
  "tau_recPSDCtoInh": 4.150673579308666,
  "tau_recInh": 108.81171462859427,
  "UExcProj": 0.1765285034431363,
  "UExcInh": 0.2362883018975044,
  "UExcPSDC": 0.186230129415131,
  "UPSDCtoProj": 0.4625010433725432,
  "UPSDCtoInh": 0.4634971054302245,
  "UInh": 0.4087070192891923,
  "tau_facilExcProj": 72.22583691880779,
  "tau_facilExcInh": 77.47605454014241,
  "tau_facilExcPSDC": 165.62355912446287,
  "tau_facilPSDCtoProj": 174.3296604841001,
  "tau_facilPSDCtoInh": 261.6240356636227,
  "tau_facilInh": 168.60836962521222
}