{
  "ItoE_weight": 0.00030330275275669,
  "InterPSDC_weight": 0.00050567591063833,
  "PANtoE_weight": 0.00078602171977616,
  "PANtoI_weight": 0.0005108105744796,
  "tauExcProj": 6.814502828927758,
  "tauExcInh": 2.037557526501152,
  "tauExcPSDC": 5.996288379403978,
  "tauPSDCtoProj": 60.30749567934741,
  "tauPSDCtoInh": 139.99137127852376,
  "tauInh": 60.111560189171705,
  "tau_recExcProj": 23.550827870724323,
  "tau_recExcInh": 74.58693355370784,
  "tau_recExcPSDC": 146.37551124006356,
  "tau_recPSDCtoProj": 2.3164478545945517,
  "tau_recPSDCtoInh": 14.895339534060533,
  "tau_recInh": 110.93757310434972,
  "UExcProj": 0.1713559146156414,
  "UExcInh": 0.3045680263456947,
  "UExcPSDC": 0.241716265789156,
  "UPSDCtoProj": 0.4829405357540128,
  "UPSDCtoInh": 0.1391833747788347,
  "UInh": 0.3943857168045055,
  "tau_facilExcProj": 72.22583691880779,
  "tau_facilExcInh": 100.65426815948092,
  "tau_facilExcPSDC": 172.72419226457308,
  "tau_facilPSDCtoProj": 97.21533973297402,
  "tau_facilPSDCtoInh": 272.8286819665683,
  "tau_facilInh": 169.40152134457372
}