{
  "ItoE_weight": 0.0003608610779434,
  "InterPSDC_weight": 0.00058374585030382,
  "PANtoE_weight": 0.00071320692204344,
  "PANtoI_weight": 0.00052704454361734,
  "tauExcProj": 2.44183386998797,
  "tauExcInh": 2.1686826025672783,
  "tauExcPSDC": 39.03269661769387,
  "tauPSDCtoProj": 4.350081070800208,
  "tauPSDCtoInh": 16.854615271793005,
  "tauInh": 2.0,
  "tau_recExcProj": 48.41215916660256,
  "tau_recExcInh": 59.818474196647,
  "tau_recExcPSDC": 153.17425397029635,
  "tau_recPSDCtoProj": 3.127501365949829,
  "tau_recPSDCtoInh": 74.02165884093858,
  "tau_recInh": 90.33432869673167,
  "UExcProj": 0.1123567796719122,
  "UExcInh": 0.3052782594167478,
  "UExcPSDC": 0.2474097357373308,
  "UPSDCtoProj": 0.5749742538465233,
  "UPSDCtoInh": 0.2736878964766761,
  "UInh": 0.3754914903718116,
  "tau_facilExcProj": 51.18954309942824,
  "tau_facilExcInh": 157.11333636235847,
  "tau_facilExcPSDC": 115.77819183534912,
  "tau_facilPSDCtoProj": 144.73130946845205,
  "tau_facilPSDCtoInh": 233.98121316798736,
  "tau_facilInh": 117.15602669296536
}