{
  "ItoE_weight": 0.00031743462945749,
  "InterPSDC_weight": 0.00068579563374781,
  "PANtoE_weight": 0.00080479575452415,
  "PANtoI_weight": 0.00050982443925215,
  "tauExcProj": 6.875199713432084,
  "tauExcInh": 2.1524953178260224,
  "tauExcPSDC": 37.39138872391183,
  "tauPSDCtoProj": 22.01390917577352,
  "tauPSDCtoInh": 52.53515393744634,
  "tauInh": 67.42725072037499,
  "tau_recExcProj": 23.79844367244769,
  "tau_recExcInh": 86.5019118862365,
  "tau_recExcPSDC": 146.14117401382123,
  "tau_recPSDCtoProj": 2.390466125133061,
  "tau_recPSDCtoInh": 55.43401556087188,
  "tau_recInh": 136.53813400591395,
  "UExcProj": 0.1488017322211474,
  "UExcInh": 0.3034892719600962,
  "UExcPSDC": 0.2416752668163582,
  "UPSDCtoProj": 0.5702236564370956,
  "UPSDCtoInh": 0.359346799943633,
  "UInh": 0.3546073075047617,
  "tau_facilExcProj": 70.95774656733323,
  "tau_facilExcInh": 98.88683356142712,
  "tau_facilExcPSDC": 161.90502118075293,
  "tau_facilPSDCtoProj": 181.6661873421936,
  "tau_facilPSDCtoInh": 256.06687274829045,
  "tau_facilInh": 184.9370993680564
}