{
  "ItoE_weight": 0.00030553826946518,
  "InterPSDC_weight": 0.00045542307413815,
  "PANtoE_weight": 0.00065570261550388,
  "PANtoI_weight": 0.00050289336907626,
  "tauExcProj": 36.74157806513934,
  "tauExcInh": 2.8742622110965788,
  "tauExcPSDC": 1.982096145786949,
  "tauPSDCtoProj": 39.04318304624408,
  "tauPSDCtoInh": 31.224027819103764,
  "tauInh": 43.25423952407941,
  "tau_recExcProj": 28.92684700633913,
  "tau_recExcInh": 9.261810468468134,
  "tau_recExcPSDC": 94.63026545244207,
  "tau_recPSDCtoProj": 33.855499251737555,
  "tau_recPSDCtoInh": 3.6393231504209935,
  "tau_recInh": 41.09238891815374,
  "UExcProj": 0.0550589642234779,
  "UExcInh": 0.3184445723459516,
  "UExcPSDC": 0.238909055394585,
  "UPSDCtoProj": 0.3921027283754875,
  "UPSDCtoInh": 0.299001135667784,
  "UInh": 0.296865632123754,
  "tau_facilExcProj": 82.22066770329837,
  "tau_facilExcInh": 111.33164692565852,
  "tau_facilExcPSDC": 65.29875892637119,
  "tau_facilPSDCtoProj": 97.87542427346852,
  "tau_facilPSDCtoInh": 182.64696500392503,
  "tau_facilInh": 98.80252202875457,
  "hypervolume": 0.0
}