{
  "ItoE_weight": 0.00030114814547339,
  "EtoI_weight": 0.00030014188602337,
  "EtoE_weight": 0.00037012430709767,
  "InterPSDC_weight": 0.00048670304478991,
  "PANtoE_weight": 0.00070917403412802,
  "PANtoI_weight": 0.00044434463547141,
  "tauExcProj": 5.068933111303006,
  "tauExcInh": 2.1342321957395347,
  "tauProjInh": 102.13981325896265,
  "tauProjProj": 2.629085291152583,
  "tauExcPSDC": 19.7880366796016,
  "tauPSDCtoProj": 65.4736765747742,
  "tauPSDCtoInh": 47.069581335773336,
  "tauInh": 25.50480289095998,
  "tau_recExcProj": 8.609705434074645,
  "tau_recExcInh": 66.61037096689486,
  "tau_recProjInh": 22.59629537861677,
  "tau_recProjProj": 68.31984164332276,
  "tau_recExcPSDC": 32.90859771778499,
  "tau_recPSDCtoProj": 97.98477823416874,
  "tau_recPSDCtoInh": 59.03201731583286,
  "tau_recInh": 45.16444636365911,
  "UExcProj": 0.0504468041186052,
  "UExcInh": 0.1948512827018135,
  "UProjInh": 2.1001303916340213,
  "UProjProj": 2.044182585624605,
  "UExcPSDC": 0.4372035762518275,
  "UPSDCtoProj": 0.4212389340893452,
  "UPSDCtoInh": 0.2009962795587602,
  "UInh": 0.2807597568185724,
  "tau_facilExcProj": 87.84454264875926,
  "tau_facilExcInh": 130.97285943909753,
  "tau_facilProjInh": 228.97386304640392,
  "tau_facilProjProj": 83.2891976329772,
  "tau_facilExcPSDC": 64.68237332063347,
  "tau_facilPSDCtoProj": 173.45367025592986,
  "tau_facilPSDCtoInh": 230.58662408664267,
  "tau_facilInh": 23.73687999030026,
  "hypervolume": 0.0
}