{
  "ItoE_weight_RA": 0.00070763726809761,
  "ItoE_w_min_RA": 0.00024800943108613,
  "ItoE_smooth_RA": 1.1054886534986388,
  "ItoE_x_half_RA": 0.1770761472902939,
  "InterPSDC_weight_RA": 0.00214851653611419,
  "InterPSDC_w_min_RA": 0.00038937115537441,
  "InterPSDC_smooth_RA": 1.2018654964018145,
  "InterPSDC_x_half_RA": 0.1283884466209114,
  "PANtoE_weight_RA": 0.00189589204839521,
  "PANtoE_w_min_RA": 0.00147535355703201,
  "PANtoE_smooth_RA": 1.0874697664963944,
  "PANtoE_x_half_RA": 0.1082527791557943,
  "PANtoI_weight_RA": 0.00284647957091553,
  "PANtoI_w_min_RA": 0.00051739744304324,
  "PANtoI_smooth_RA": 1.2000171387235996,
  "PANtoI_x_half_RA": 0.1295283616257308,
  "tauExcProj_RA": 9.325530044323015,
  "tauExcInh_RA": 5.028788650214945,
  "tauExcPSDC_RA": 2.488930178601023,
  "tauPSDCtoProj_RA": 5.832533148354008,
  "tauPSDCtoInh_RA": 65.37466301023176,
  "tauInh_RA": 20.15386387723276,
  "tau_recExcProj_RA": 232.7230330605852,
  "tau_recExcInh_RA": 37.82044666736982,
  "tau_recExcPSDC_RA": 340.5018302313551,
  "tau_recPSDCtoProj_RA": 81.17330283921164,
  "tau_recPSDCtoInh_RA": 11.80544304477302,
  "tau_recInh_RA": 93.9692468841786,
  "UExcProj_RA": 0.2145799364784075,
  "UExcInh_RA": 0.1772012168750637,
  "UExcPSDC_RA": 0.084194873001866,
  "UPSDCtoProj_RA": 0.415325707073001,
  "UPSDCtoInh_RA": 0.5038423862588923,
  "UInh_RA": 0.3482714446823071,
  "tau_facilExcProj_RA": 16.73252074038662,
  "tau_facilExcInh_RA": 19.226574185767237,
  "tau_facilExcPSDC_RA": 124.7475947448558,
  "tau_facilPSDCtoProj_RA": 143.51719933450642,
  "tau_facilPSDCtoInh_RA": 235.860161757252,
  "tau_facilInh_RA": 237.20301938245535,
  "ItoE_weight_SA": 0.00031198320388748,
  "ItoE_w_min_SA": 0.00013277622500032,
  "ItoE_smooth_SA": 1.0784050721021516,
  "ItoE_x_half_SA": 0.2120279309125962,
  "InterPSDC_weight_SA": 0.00046240554988369,
  "InterPSDC_w_min_SA": 0.00011637713144689,
  "InterPSDC_smooth_SA": 1.0320967169374258,
  "InterPSDC_x_half_SA": 0.1041484768088888,
  "PANtoE_weight_SA": 0.00097024798256025,
  "PANtoE_w_min_SA": 0.00011114066933241,
  "PANtoE_smooth_SA": 1.1049256947474135,
  "PANtoE_x_half_SA": 0.1220277846243284,
  "PANtoI_weight_SA": 0.00046178194776857,
  "PANtoI_w_min_SA": 0.00015201934377055,
  "PANtoI_smooth_SA": 0.598963563104066,
  "PANtoI_x_half_SA": 0.1230291182140564,
  "tauExcProj_SA": 4.064000985147345,
  "tauExcInh_SA": 2.000108603678129,
  "tauExcPSDC_SA": 37.24625055791388,
  "tauPSDCtoProj_SA": 124.3911420472068,
  "tauPSDCtoInh_SA": 66.29539714050064,
  "tauInh_SA": 30.821781040927277,
  "tau_recExcProj_SA": 29.909950599030932,
  "tau_recExcInh_SA": 115.11749069581282,
  "tau_recExcPSDC_SA": 149.3525007041629,
  "tau_recPSDCtoProj_SA": 43.64321232409465,
  "tau_recPSDCtoInh_SA": 43.52783118176601,
  "tau_recInh_SA": 88.0592255271116,
  "UExcProj_SA": 0.1441066344698991,
  "UExcInh_SA": 0.2424982542027916,
  "UExcPSDC_SA": 0.0565487860472242,
  "UPSDCtoProj_SA": 0.5648241545275132,
  "UPSDCtoInh_SA": 0.6693146973367383,
  "UInh_SA": 0.6639358127707724,
  "tau_facilExcProj_SA": 56.34655867385592,
  "tau_facilExcInh_SA": 3.855644948092527,
  "tau_facilExcPSDC_SA": 210.95945629883252,
  "tau_facilPSDCtoProj_SA": 207.0971123274693,
  "tau_facilPSDCtoInh_SA": 223.62104753078063,
  "tau_facilInh_SA": 283.7537985656338
}