{
  "generation": 127.0,
  "tf1_loss": 2.25116494280859,
  "tf1_dev": 8.955361902395772,
  "tf2_loss": 0.2563455249108523,
  "tf2_dev": 0.5715063027583764,
  "tf3_loss": 0.4189968392868919,
  "tf3_dev": 0.0544438596491227,
  "tf4_loss": 0.0004399971804531,
  "tf4_dev": 0.0003003664552034,
  "ItoE_weight": 0.0003843779609442,
  "InterPSDC_weight": 0.00050303156786941,
  "PANtoE_weight": 0.00065596554151449,
  "PANtoI_weight": 0.00044821271562196,
  "tauExcProj": 3.076028166048746,
  "tauExcInh": 2.158281428701632,
  "tauExcPSDC": 14.15693732773593,
  "tauPSDCtoProj": 16.943345786153657,
  "tauPSDCtoInh": 22.0465095471073,
  "tauInh": 2.8053609321464354,
  "tau_recExcProj": 154.11917754537822,
  "tau_recExcInh": 116.66552260860206,
  "tau_recExcPSDC": 120.4531309889533,
  "tau_recPSDCtoProj": 33.43154593083152,
  "tau_recPSDCtoInh": 31.08960283176924,
  "tau_recInh": 127.19763108543349,
  "UExcProj": 0.116190107952826,
  "UExcInh": 0.3079964271932053,
  "UExcPSDC": 0.2506949368661937,
  "UPSDCtoProj": 0.377397293512452,
  "UPSDCtoInh": 0.2700717885868271,
  "UInh": 0.2719380899689496,
  "tau_facilExcProj": 60.47870368148564,
  "tau_facilExcInh": 118.98760699864746,
  "tau_facilExcPSDC": 107.81665709397627,
  "tau_facilPSDCtoProj": 101.35514364471156,
  "tau_facilPSDCtoInh": 167.45294799430664,
  "tau_facilInh": 75.32342812097897,
  "hypervolume": 0.4866868016333462
}