{
  "ItoE_weight": 0.00034333184404607,
  "ItoE_w_min": 0.00011089641244603,
  "ItoE_smooth": 1.3303823769242644,
  "ItoE_x_half": 0.1331003545182783,
  "InterPSDC_weight": 0.00078733510247518,
  "InterPSDC_w_min": 0.00019808915877963,
  "InterPSDC_smooth": 1.2830568750143785,
  "InterPSDC_x_half": 0.103372522372423,
  "PANtoE_weight": 0.00099803371565053,
  "PANtoE_w_min": 0.00010599587991538,
  "PANtoE_smooth": 1.6576566914014,
  "PANtoE_x_half": 0.3334477340134962,
  "PANtoI_weight": 0.0046937256627435,
  "PANtoI_w_min": 0.0001304296261451,
  "PANtoI_smooth": 1.7239160967304703,
  "PANtoI_x_half": 0.2717376001556136,
  "tauExcProj": 13.715523108888114,
  "tauExcInh": 12.729589147229142,
  "tauExcPSDC": 21.75433185109472,
  "tauPSDCtoProj": 2.9741501154072694,
  "tauPSDCtoInh": 82.29098888460705,
  "tauInh": 29.858518854386297,
  "tau_recExcProj": 2.025486034522002,
  "tau_recExcInh": 121.87261559102453,
  "tau_recExcPSDC": 17.23026123370714,
  "tau_recPSDCtoProj": 148.34590965499962,
  "tau_recPSDCtoInh": 5.002668141798786,
  "tau_recInh": 92.29301609359234,
  "UExcProj": 0.0761938450799205,
  "UExcInh": 0.3162737257925518,
  "UExcPSDC": 0.4779545982688956,
  "UPSDCtoProj": 0.3208627044051392,
  "UPSDCtoInh": 0.2824816643167901,
  "UInh": 0.5677386199500774,
  "tau_facilExcProj": 2.1240641596140724,
  "tau_facilExcInh": 169.20176111297604,
  "tau_facilExcPSDC": 119.99450902405124,
  "tau_facilPSDCtoProj": 206.9312814013585,
  "tau_facilPSDCtoInh": 380.3879749847076,
  "tau_facilInh": 195.3472684814052
}