{
  "ItoE_weight": 0.00030324766528895,
  "InterPSDC_weight": 0.000510297410064,
  "PANtoE_weight": 0.00078474945874894,
  "PANtoI_weight": 0.0005108105744796,
  "tauExcProj": 6.814502828927758,
  "tauExcInh": 2.026458412701993,
  "tauExcPSDC": 2.964309768898448,
  "tauPSDCtoProj": 40.88860210540053,
  "tauPSDCtoInh": 139.99137127852376,
  "tauInh": 60.111560189171705,
  "tau_recExcProj": 23.550827870724323,
  "tau_recExcInh": 74.58693355370784,
  "tau_recExcPSDC": 146.37551124006356,
  "tau_recPSDCtoProj": 2.3164478545945517,
  "tau_recPSDCtoInh": 14.895339534060533,
  "tau_recInh": 130.2758944001241,
  "UExcProj": 0.1106121358858794,
  "UExcInh": 0.3085524522476321,
  "UExcPSDC": 0.241716265789156,
  "UPSDCtoProj": 0.4622402602187767,
  "UPSDCtoInh": 0.1621102148235628,
  "UInh": 0.3943857168045055,
  "tau_facilExcProj": 72.22583691880779,
  "tau_facilExcInh": 88.45966956863417,
  "tau_facilExcPSDC": 193.38841947611476,
  "tau_facilPSDCtoProj": 95.25975812448824,
  "tau_facilPSDCtoInh": 344.2575850795327,
  "tau_facilInh": 169.58207523410942
}