{
  "ItoE_weight": 0.00031775064539556,
  "ItoE_w_min": 0.0001,
  "ItoE_smooth": 1.1909765731651487,
  "ItoE_x_half": 0.1256482196577241,
  "InterPSDC_weight": 0.0003472497953013,
  "InterPSDC_w_min": 0.00011823823890207,
  "InterPSDC_smooth": 1.7666600864115272,
  "InterPSDC_x_half": 0.12386148377465,
  "PANtoE_weight": 0.0007483831278294,
  "PANtoE_w_min": 0.0001,
  "PANtoE_smooth": 1.152420219893619,
  "PANtoE_x_half": 0.1248653010410364,
  "PANtoI_weight": 0.00045236654711655,
  "PANtoI_w_min": 0.00010013130016867,
  "PANtoI_smooth": 1.2005359441382664,
  "PANtoI_x_half": 0.1238351226696771,
  "tauExcProj": 6.776667852578433,
  "tauExcInh": 2.0043295882368293,
  "tauExcPSDC": 4.912749301648313,
  "tauPSDCtoProj": 31.03196764373882,
  "tauPSDCtoInh": 101.09433879316607,
  "tauInh": 42.22127200287377,
  "tau_recExcProj": 23.8215515623477,
  "tau_recExcInh": 21.253204934457145,
  "tau_recExcPSDC": 160.65911614751437,
  "tau_recPSDCtoProj": 36.42985212524522,
  "tau_recPSDCtoInh": 30.74802317100967,
  "tau_recInh": 107.19212857058749,
  "UExcProj": 0.1756527945303533,
  "UExcInh": 0.2574930791845589,
  "UExcPSDC": 0.1627282997147946,
  "UPSDCtoProj": 0.5301403687485261,
  "UPSDCtoInh": 0.4921443848307655,
  "UInh": 0.4097288614740721,
  "tau_facilExcProj": 16.802992945991587,
  "tau_facilExcInh": 62.2013959372791,
  "tau_facilExcPSDC": 156.80893567418124,
  "tau_facilPSDCtoProj": 179.42435700226747,
  "tau_facilPSDCtoInh": 257.00921236931487,
  "tau_facilInh": 267.18695095733653
}