{
  "ItoE_weight": 0.00030002326687358,
  "ItoE_w_min": 0.0001088424360428,
  "ItoE_smooth": 0.9145935861437762,
  "ItoE_x_half": 0.4852398585205481,
  "InterPSDC_weight": 0.00064186976184609,
  "InterPSDC_w_min": 0.00011787350355779,
  "InterPSDC_smooth": 1.3495831385437436,
  "InterPSDC_x_half": 0.6941742367622171,
  "PANtoE_weight": 0.00091139130293951,
  "PANtoE_w_min": 0.00010325403614598,
  "PANtoE_smooth": 1.4040034799930676,
  "PANtoE_x_half": 0.3293045740259833,
  "PANtoI_weight": 0.00040884249238035,
  "PANtoI_w_min": 0.00010398350353381,
  "PANtoI_smooth": 1.1015848046211654,
  "PANtoI_x_half": 0.5004126393420348,
  "tauExcProj": 10.318619271232684,
  "tauExcInh": 2.052416628568154,
  "tauExcPSDC": 26.800567762764267,
  "tauPSDCtoProj": 7.683667303902977,
  "tauPSDCtoInh": 70.63564577652205,
  "tauInh": 2.1449963319057463,
  "tau_recExcProj": 7.491407689481875,
  "tau_recExcInh": 193.9915995785371,
  "tau_recExcPSDC": 150.02724813805946,
  "tau_recPSDCtoProj": 147.9672052571448,
  "tau_recPSDCtoInh": 12.973357738781122,
  "tau_recInh": 105.31557674654692,
  "UExcProj": 0.0529983683519553,
  "UExcInh": 0.3944036597241241,
  "UExcPSDC": 0.5965156825466955,
  "UPSDCtoProj": 0.2202726445944532,
  "UPSDCtoInh": 0.3966403240618275,
  "UInh": 0.3690355422707575,
  "tau_facilExcProj": 2.2398625094032294,
  "tau_facilExcInh": 92.52515447432071,
  "tau_facilExcPSDC": 72.55098362693055,
  "tau_facilPSDCtoProj": 221.7191994167549,
  "tau_facilPSDCtoInh": 213.4736981669518,
  "tau_facilInh": 199.75289365332884
}