{
  "ItoE_weight_RA": 0.00071296415781478,
  "ItoE_w_min_RA": 0.00040356139964011,
  "ItoE_smooth_RA": 1.29662394163156,
  "ItoE_x_half_RA": 0.1059275030026481,
  "InterPSDC_weight_RA": 0.00195896427719357,
  "InterPSDC_w_min_RA": 0.00081417571323687,
  "InterPSDC_smooth_RA": 1.1681809192207149,
  "InterPSDC_x_half_RA": 0.1229045997874457,
  "PANtoE_weight_RA": 0.00243247929912198,
  "PANtoE_w_min_RA": 0.0010002758242476,
  "PANtoE_smooth_RA": 1.2776781919236455,
  "PANtoE_x_half_RA": 0.1240967379219735,
  "PANtoI_weight_RA": 0.00181394964728804,
  "PANtoI_w_min_RA": 0.0005264210294878,
  "PANtoI_smooth_RA": 1.308553785699387,
  "PANtoI_x_half_RA": 0.1235206394044852,
  "tauExcProj_RA": 6.59453509907616,
  "tauExcInh_RA": 2.1233351248334373,
  "tauExcPSDC_RA": 5.195860589788246,
  "tauPSDCtoProj_RA": 13.352129398720766,
  "tauPSDCtoInh_RA": 111.02708587337084,
  "tauInh_RA": 23.94716377223483,
  "tau_recExcProj_RA": 115.597445376193,
  "tau_recExcInh_RA": 66.72409223246507,
  "tau_recExcPSDC_RA": 158.15943939980787,
  "tau_recPSDCtoProj_RA": 11.450934564999953,
  "tau_recPSDCtoInh_RA": 36.48912783276037,
  "tau_recInh_RA": 106.6563059125278,
  "UExcProj_RA": 0.2187872327411006,
  "UExcInh_RA": 0.2108260150636911,
  "UExcPSDC_RA": 0.0961216743477804,
  "UPSDCtoProj_RA": 0.4908483472810473,
  "UPSDCtoInh_RA": 0.5398804195898397,
  "UInh_RA": 0.3980237860830138,
  "tau_facilExcProj_RA": 84.50281689686042,
  "tau_facilExcInh_RA": 37.75652132089552,
  "tau_facilExcPSDC_RA": 135.4676481797424,
  "tau_facilPSDCtoProj_RA": 174.78255571476814,
  "tau_facilPSDCtoInh_RA": 250.54994306433983,
  "tau_facilInh_RA": 266.7704277917774,
  "ItoE_weight_SA": 0.00040149254013632,
  "ItoE_w_min_SA": 0.00011892626892184,
  "ItoE_smooth_SA": 1.0484153410481118,
  "ItoE_x_half_SA": 0.1141669436140835,
  "InterPSDC_weight_SA": 0.00045999376653219,
  "InterPSDC_w_min_SA": 0.00012592138490791,
  "InterPSDC_smooth_SA": 1.2557160819126512,
  "InterPSDC_x_half_SA": 0.2007073983026894,
  "PANtoE_weight_SA": 0.00091862489637536,
  "PANtoE_w_min_SA": 0.00010210621363503,
  "PANtoE_smooth_SA": 1.065045833584429,
  "PANtoE_x_half_SA": 0.1386779599509396,
  "PANtoI_weight_SA": 0.00059144618708829,
  "PANtoI_w_min_SA": 0.00013412181450905,
  "PANtoI_smooth_SA": 1.0610965515035446,
  "PANtoI_x_half_SA": 0.1262555483140336,
  "tauExcProj_SA": 6.724656205900595,
  "tauExcInh_SA": 2.0122924674000005,
  "tauExcPSDC_SA": 4.076078405285331,
  "tauPSDCtoProj_SA": 82.73238939363944,
  "tauPSDCtoInh_SA": 119.99739063061598,
  "tauInh_SA": 42.77762779958577,
  "tau_recExcProj_SA": 17.4689368934633,
  "tau_recExcInh_SA": 65.57488446679508,
  "tau_recExcPSDC_SA": 161.0413212774376,
  "tau_recPSDCtoProj_SA": 30.07949785813553,
  "tau_recPSDCtoInh_SA": 56.34333536552795,
  "tau_recInh_SA": 107.78471317540728,
  "UExcProj_SA": 0.1911054147764214,
  "UExcInh_SA": 0.2697171252274858,
  "UExcPSDC_SA": 0.1603860422411091,
  "UPSDCtoProj_SA": 0.5093767997398424,
  "UPSDCtoInh_SA": 0.6194504044713531,
  "UInh_SA": 0.4727120247122298,
  "tau_facilExcProj_SA": 16.68231852745661,
  "tau_facilExcInh_SA": 60.875144976225,
  "tau_facilExcPSDC_SA": 247.55854972804585,
  "tau_facilPSDCtoProj_SA": 210.7862677244808,
  "tau_facilPSDCtoInh_SA": 256.0847805165952,
  "tau_facilInh_SA": 282.7213127923625
}