{
  "ItoE_weight_RA": 0.00110639354653934,
  "ItoE_w_min_RA": 0.0001718056150481,
  "ItoE_smooth_RA": 1.3264076984248734,
  "ItoE_x_half_RA": 0.2076799292367172,
  "InterPSDC_weight_RA": 0.001558104591569,
  "InterPSDC_w_min_RA": 0.0006032510610806,
  "InterPSDC_smooth_RA": 0.5419944965444964,
  "InterPSDC_x_half_RA": 0.1013003311725964,
  "PANtoE_weight_RA": 0.00262996112519511,
  "PANtoE_w_min_RA": 0.0019255491540737,
  "PANtoE_smooth_RA": 1.442078890983034,
  "PANtoE_x_half_RA": 0.1580959270381794,
  "PANtoI_weight_RA": 0.0008417181360605,
  "PANtoI_w_min_RA": 0.00091288305112679,
  "PANtoI_smooth_RA": 1.4036266095389782,
  "PANtoI_x_half_RA": 0.1003423315485148,
  "tauExcProj_RA": 2.0025335384105536,
  "tauExcInh_RA": 2.00025291221662,
  "tauExcPSDC_RA": 5.108974214678142,
  "tauPSDCtoProj_RA": 89.07979471292349,
  "tauPSDCtoInh_RA": 93.03340291782246,
  "tauInh_RA": 75.65163708746346,
  "tau_recExcProj_RA": 66.43838211125491,
  "tau_recExcInh_RA": 118.97751143699575,
  "tau_recExcPSDC_RA": 4.956083245575087,
  "tau_recPSDCtoProj_RA": 76.69432511718013,
  "tau_recPSDCtoInh_RA": 4.740796549965393,
  "tau_recInh_RA": 2.0188346076310464,
  "UExcProj_RA": 0.4222523782362272,
  "UExcInh_RA": 0.4795482197584652,
  "UExcPSDC_RA": 0.424770935788839,
  "UPSDCtoProj_RA": 0.1803612063125787,
  "UPSDCtoInh_RA": 0.256327279283036,
  "UInh_RA": 0.4314176449766844,
  "tau_facilExcProj_RA": 8.973185652084485,
  "tau_facilExcInh_RA": 201.95181273654663,
  "tau_facilExcPSDC_RA": 240.84541406825733,
  "tau_facilPSDCtoProj_RA": 30.29826756486284,
  "tau_facilPSDCtoInh_RA": 17.932981882901423,
  "tau_facilInh_RA": 176.4909989601955
}