{
  "ItoE_weight": 0.0003357494888729,
  "InterPSDC_weight": 0.00032267984849847,
  "PANtoE_weight": 0.00065627445714677,
  "PANtoI_weight": 0.00052290053111012,
  "tauExcProj": 3.2734879327547906,
  "tauExcInh": 2.111567330054136,
  "tauExcPSDC": 4.121893884165051,
  "tauPSDCtoProj": 29.75872850114624,
  "tauPSDCtoInh": 19.56846386573917,
  "tauInh": 2.06795004751884,
  "tau_recExcProj": 118.60208671816342,
  "tau_recExcInh": 132.3402776835623,
  "tau_recExcPSDC": 52.408487642829456,
  "tau_recPSDCtoProj": 51.37996821282324,
  "tau_recPSDCtoInh": 94.64484634057058,
  "tau_recInh": 42.98171060838005,
  "UExcProj": 0.1574700366697953,
  "UExcInh": 0.36907741538571,
  "UExcPSDC": 0.1810533076495334,
  "UPSDCtoProj": 0.4707726563733486,
  "UPSDCtoInh": 0.3695442549149267,
  "UInh": 0.3316950311830872,
  "tau_facilExcProj": 78.00665474021508,
  "tau_facilExcInh": 262.7502339209287,
  "tau_facilExcPSDC": 39.95375484816045,
  "tau_facilPSDCtoProj": 95.58294739881823,
  "tau_facilPSDCtoInh": 203.3734945388391,
  "tau_facilInh": 237.66507843668117,
  "hypervolume": 0.0
}