{
  "ItoE_weight_RA": 0.00071659474385817,
  "ItoE_w_min_RA": 0.00025253429979336,
  "ItoE_smooth_RA": 1.5604778702395945,
  "ItoE_x_half_RA": 0.214281065648145,
  "InterPSDC_weight_RA": 0.00144501451490541,
  "InterPSDC_w_min_RA": 0.00010675332693894,
  "InterPSDC_smooth_RA": 1.496063933522196,
  "InterPSDC_x_half_RA": 0.1337399375935911,
  "PANtoE_weight_RA": 0.0022045066156937,
  "PANtoE_w_min_RA": 0.00190328940158695,
  "PANtoE_smooth_RA": 1.081201886912649,
  "PANtoE_x_half_RA": 0.1065934473315922,
  "PANtoI_weight_RA": 0.00190565904072535,
  "PANtoI_w_min_RA": 0.00075238485312562,
  "PANtoI_smooth_RA": 0.6533463060977307,
  "PANtoI_x_half_RA": 0.1410345998199814,
  "tauExcProj_RA": 9.876388411865246,
  "tauExcInh_RA": 31.59696185849671,
  "tauExcPSDC_RA": 8.325689888295027,
  "tauPSDCtoProj_RA": 2.197665888995723,
  "tauPSDCtoInh_RA": 152.72780256833494,
  "tauInh_RA": 20.328861373166504,
  "tau_recExcProj_RA": 228.71838199689404,
  "tau_recExcInh_RA": 159.69195608009207,
  "tau_recExcPSDC_RA": 456.6642234103989,
  "tau_recPSDCtoProj_RA": 15.57613550307167,
  "tau_recPSDCtoInh_RA": 82.47737748899844,
  "tau_recInh_RA": 81.23331507011197,
  "UExcProj_RA": 0.1429051001818626,
  "UExcInh_RA": 0.2156726407684484,
  "UExcPSDC_RA": 0.1708054256641865,
  "UPSDCtoProj_RA": 0.3346773498658001,
  "UPSDCtoInh_RA": 0.6551922596296044,
  "UInh_RA": 0.2711256825729372,
  "tau_facilExcProj_RA": 20.012219656647357,
  "tau_facilExcInh_RA": 77.69786751451673,
  "tau_facilExcPSDC_RA": 196.46179583926056,
  "tau_facilPSDCtoProj_RA": 86.8411488337239,
  "tau_facilPSDCtoInh_RA": 360.8275572679748,
  "tau_facilInh_RA": 298.48348631102374,
  "ItoE_weight_SA": 0.00035624359011227,
  "ItoE_w_min_SA": 0.00010574103838656,
  "ItoE_smooth_SA": 1.0314734170299662,
  "ItoE_x_half_SA": 0.2382840434841228,
  "InterPSDC_weight_SA": 0.00064105675129574,
  "InterPSDC_w_min_SA": 0.00020524146373937,
  "InterPSDC_smooth_SA": 1.2154841910352316,
  "InterPSDC_x_half_SA": 0.12639490696209,
  "PANtoE_weight_SA": 0.00099999643671099,
  "PANtoE_w_min_SA": 0.00012844790427074,
  "PANtoE_smooth_SA": 0.8923253150842316,
  "PANtoE_x_half_SA": 0.1814656812509873,
  "PANtoI_weight_SA": 0.00050149326647195,
  "PANtoI_w_min_SA": 0.00013572963487778,
  "PANtoI_smooth_SA": 0.5785468863878245,
  "PANtoI_x_half_SA": 0.1067446136517915,
  "tauExcProj_SA": 29.483023717534568,
  "tauExcInh_SA": 25.605583871052005,
  "tauExcPSDC_SA": 161.83482620064825,
  "tauPSDCtoProj_SA": 53.36228021498541,
  "tauPSDCtoInh_SA": 59.41027867237213,
  "tauInh_SA": 51.777022909473445,
  "tau_recExcProj_SA": 82.189849269038,
  "tau_recExcInh_SA": 27.51963527344457,
  "tau_recExcPSDC_SA": 78.63575206772084,
  "tau_recPSDCtoProj_SA": 35.91523963693908,
  "tau_recPSDCtoInh_SA": 14.875406016152663,
  "tau_recInh_SA": 17.95936852128436,
  "UExcProj_SA": 0.2375075966899762,
  "UExcInh_SA": 0.183910616810821,
  "UExcPSDC_SA": 0.1453712771002274,
  "UPSDCtoProj_SA": 0.508208004035456,
  "UPSDCtoInh_SA": 0.67010897786688,
  "UInh_SA": 0.5062385647001194,
  "tau_facilExcProj_SA": 5.850442132689516,
  "tau_facilExcInh_SA": 28.668424353988783,
  "tau_facilExcPSDC_SA": 213.113418040923,
  "tau_facilPSDCtoProj_SA": 232.8516736185433,
  "tau_facilPSDCtoInh_SA": 279.7879731251729,
  "tau_facilInh_SA": 280.9384390905471
}