{
  "ItoE_weight_SA": 0.00031308548909054,
  "ItoE_w_min_SA": 0.00023869085840925,
  "ItoE_smooth_SA": 2.20847950576656,
  "ItoE_x_half_SA": 0.1774667251360364,
  "InterPSDC_weight_SA": 0.00049582471880379,
  "InterPSDC_w_min_SA": 0.00019954647542274,
  "InterPSDC_smooth_SA": 0.7682942226867364,
  "InterPSDC_x_half_SA": 0.193633338008177,
  "PANtoE_weight_SA": 0.00051813005935119,
  "PANtoE_w_min_SA": 0.00038590955766565,
  "PANtoE_smooth_SA": 0.6929075672594107,
  "PANtoE_x_half_SA": 0.1103904960445946,
  "PANtoI_weight_SA": 0.00049217486364844,
  "PANtoI_w_min_SA": 0.00012657790792299,
  "PANtoI_smooth_SA": 1.89787751331326,
  "PANtoI_x_half_SA": 0.2167185319289288,
  "tauExcProj_SA": 2.7159414344044785,
  "tauExcInh_SA": 2.5596740138566427,
  "tauExcPSDC_SA": 148.77261530922976,
  "tauPSDCtoProj_SA": 53.18793405537436,
  "tauPSDCtoInh_SA": 4.82630812468252,
  "tauInh_SA": 118.968266194635,
  "tau_recExcProj_SA": 47.86709733394077,
  "tau_recExcInh_SA": 178.8367244465558,
  "tau_recExcPSDC_SA": 27.12789650193006,
  "tau_recPSDCtoProj_SA": 105.6431651815838,
  "tau_recPSDCtoInh_SA": 129.28711614196666,
  "tau_recInh_SA": 4.926378896158859,
  "UExcProj_SA": 0.69733428778003,
  "UExcInh_SA": 0.1774953229195473,
  "UExcPSDC_SA": 0.5216926078184342,
  "UPSDCtoProj_SA": 0.2107166948064234,
  "UPSDCtoInh_SA": 0.1870727858204307,
  "UInh_SA": 0.3313610703220865,
  "tau_facilExcProj_SA": 72.4146465923946,
  "tau_facilExcInh_SA": 229.38828088264927,
  "tau_facilExcPSDC_SA": 51.99247417896983,
  "tau_facilPSDCtoProj_SA": 234.37639317580928,
  "tau_facilPSDCtoInh_SA": 89.14766712521524,
  "tau_facilInh_SA": 124.4473856885561
}