{
  "ItoE_weight_SA": 0.00031217480356661,
  "ItoE_w_min_SA": 0.00016490084559949,
  "ItoE_smooth_SA": 2.516744541755555,
  "ItoE_x_half_SA": 0.114220069546827,
  "InterPSDC_weight_SA": 0.00048041631592321,
  "InterPSDC_w_min_SA": 0.00013201261901021,
  "InterPSDC_smooth_SA": 0.920538154272364,
  "InterPSDC_x_half_SA": 0.1722981311213455,
  "PANtoE_weight_SA": 0.00045507722636173,
  "PANtoE_w_min_SA": 0.00026205537068176,
  "PANtoE_smooth_SA": 0.833657905838072,
  "PANtoE_x_half_SA": 0.1332183047827858,
  "PANtoI_weight_SA": 0.00042465691412539,
  "PANtoI_w_min_SA": 0.0001112904336002,
  "PANtoI_smooth_SA": 2.1062028090683014,
  "PANtoI_x_half_SA": 0.222360147289044,
  "tauExcProj_SA": 19.83422266877842,
  "tauExcInh_SA": 2.383799604575752,
  "tauExcPSDC_SA": 62.51058502612276,
  "tauPSDCtoProj_SA": 75.2398167532196,
  "tauPSDCtoInh_SA": 50.86040209734591,
  "tauInh_SA": 203.8513032368283,
  "tau_recExcProj_SA": 84.78416063381762,
  "tau_recExcInh_SA": 116.0124135704467,
  "tau_recExcPSDC_SA": 29.84522434552016,
  "tau_recPSDCtoProj_SA": 104.76980858432334,
  "tau_recPSDCtoInh_SA": 50.874510932009805,
  "tau_recInh_SA": 101.18818371212,
  "UExcProj_SA": 0.3368157361766143,
  "UExcInh_SA": 0.3067667197633201,
  "UExcPSDC_SA": 0.591967673685038,
  "UPSDCtoProj_SA": 0.3791580905249966,
  "UPSDCtoInh_SA": 0.1143688380245712,
  "UInh_SA": 0.4518990487829012,
  "tau_facilExcProj_SA": 65.45051599432422,
  "tau_facilExcInh_SA": 209.27853301919157,
  "tau_facilExcPSDC_SA": 96.78714632304846,
  "tau_facilPSDCtoProj_SA": 49.74559954629066,
  "tau_facilPSDCtoInh_SA": 133.2222150786646,
  "tau_facilInh_SA": 41.913181017106105
}