{
  "ItoE_weight": 0.0003189909933473,
  "InterPSDC_weight": 0.00035057472177053,
  "PANtoE_weight": 0.00074889940298079,
  "PANtoI_weight": 0.00045174543899088,
  "tauExcProj": 6.763094231159749,
  "tauExcInh": 2.000010817770045,
  "tauExcPSDC": 4.921724762635561,
  "tauPSDCtoProj": 31.085959794620905,
  "tauPSDCtoInh": 111.69901326188987,
  "tauInh": 42.05740594546604,
  "tau_recExcProj": 23.63058650126376,
  "tau_recExcInh": 67.05340731118743,
  "tau_recExcPSDC": 160.6956281024705,
  "tau_recPSDCtoProj": 36.77966320691593,
  "tau_recPSDCtoInh": 36.34824152881493,
  "tau_recInh": 108.00741019996924,
  "UExcProj": 0.1763658736129046,
  "UExcInh": 0.2565494191658527,
  "UExcPSDC": 0.1593659252500139,
  "UPSDCtoProj": 0.5324942017316838,
  "UPSDCtoInh": 0.5376560161042899,
  "UInh": 0.4124547484867409,
  "tau_facilExcProj": 16.80856124295697,
  "tau_facilExcInh": 61.65267765675387,
  "tau_facilExcPSDC": 155.26650254437246,
  "tau_facilPSDCtoProj": 180.5481649536837,
  "tau_facilPSDCtoInh": 254.66818840902343,
  "tau_facilInh": 268.2461244341908
}