{
  "ItoE_weight_SA": 0.00035245354256825,
  "ItoE_w_min_SA": 0.00017578235947343,
  "ItoE_smooth_SA": 1.6186162287393464,
  "ItoE_x_half_SA": 0.151497259483833,
  "InterPSDC_weight_SA": 0.00044975329518311,
  "InterPSDC_w_min_SA": 0.0001290149785182,
  "InterPSDC_smooth_SA": 0.9207631095540254,
  "InterPSDC_x_half_SA": 0.1802504906572781,
  "PANtoE_weight_SA": 0.00047063125711747,
  "PANtoE_w_min_SA": 0.00020452903523486,
  "PANtoE_smooth_SA": 0.5269929226650987,
  "PANtoE_x_half_SA": 0.1113660232775972,
  "PANtoI_weight_SA": 0.00048510220132722,
  "PANtoI_w_min_SA": 0.00011687618610637,
  "PANtoI_smooth_SA": 1.7951099895809273,
  "PANtoI_x_half_SA": 0.1908405310643055,
  "tauExcProj_SA": 11.014608947748394,
  "tauExcInh_SA": 2.519375165495247,
  "tauExcPSDC_SA": 47.53766835850969,
  "tauPSDCtoProj_SA": 20.54904297318221,
  "tauPSDCtoInh_SA": 26.69260182213093,
  "tauInh_SA": 97.42396234235218,
  "tau_recExcProj_SA": 2.137147410043649,
  "tau_recExcInh_SA": 104.71116362122363,
  "tau_recExcPSDC_SA": 57.44525975681994,
  "tau_recPSDCtoProj_SA": 4.676103284367045,
  "tau_recPSDCtoInh_SA": 64.10435037927721,
  "tau_recInh_SA": 27.42976387547507,
  "UExcProj_SA": 0.3410022184596457,
  "UExcInh_SA": 0.2585502983449175,
  "UExcPSDC_SA": 0.4339281795049854,
  "UPSDCtoProj_SA": 0.2617664512150671,
  "UPSDCtoInh_SA": 0.1157968148914833,
  "UInh_SA": 0.3585180280807045,
  "tau_facilExcProj_SA": 34.664846655822835,
  "tau_facilExcInh_SA": 109.39762816498494,
  "tau_facilExcPSDC_SA": 45.875245065045775,
  "tau_facilPSDCtoProj_SA": 119.96103369752754,
  "tau_facilPSDCtoInh_SA": 155.1092220303001,
  "tau_facilInh_SA": 122.63447175093268
}