{
  "ItoE_weight_RA": 0.00070878322166115,
  "ItoE_w_min_RA": 0.00025128416718124,
  "ItoE_smooth_RA": 1.092084024863694,
  "ItoE_x_half_RA": 0.1753035642844125,
  "InterPSDC_weight_RA": 0.00135679971458943,
  "InterPSDC_w_min_RA": 0.00056278291470402,
  "InterPSDC_smooth_RA": 1.2022522621804443,
  "InterPSDC_x_half_RA": 0.1277305332562661,
  "PANtoE_weight_RA": 0.00190998954941126,
  "PANtoE_w_min_RA": 0.00146737150872867,
  "PANtoE_smooth_RA": 1.0949022741583514,
  "PANtoE_x_half_RA": 0.1011534813183231,
  "PANtoI_weight_RA": 0.0015917321647053,
  "PANtoI_w_min_RA": 0.00052703552854426,
  "PANtoI_smooth_RA": 1.2040363248678676,
  "PANtoI_x_half_RA": 0.1096779016656297,
  "tauExcProj_RA": 9.265499724082236,
  "tauExcInh_RA": 15.770941446608369,
  "tauExcPSDC_RA": 8.148050898276729,
  "tauPSDCtoProj_RA": 10.250872497413209,
  "tauPSDCtoInh_RA": 151.61279502389186,
  "tauInh_RA": 20.23422868423781,
  "tau_recExcProj_RA": 229.5115258729004,
  "tau_recExcInh_RA": 37.679025041920575,
  "tau_recExcPSDC_RA": 285.6336825752744,
  "tau_recPSDCtoProj_RA": 29.73503065874928,
  "tau_recPSDCtoInh_RA": 55.4616179118212,
  "tau_recInh_RA": 94.04725662200224,
  "UExcProj_RA": 0.2165654642700104,
  "UExcInh_RA": 0.1823830145838012,
  "UExcPSDC_RA": 0.1351438492222914,
  "UPSDCtoProj_RA": 0.3992376047776199,
  "UPSDCtoInh_RA": 0.6352681540916544,
  "UInh_RA": 0.2743702228635983,
  "tau_facilExcProj_RA": 16.68317972212914,
  "tau_facilExcInh_RA": 19.783822519371128,
  "tau_facilExcPSDC_RA": 127.01920304551987,
  "tau_facilPSDCtoProj_RA": 141.038368595725,
  "tau_facilPSDCtoInh_RA": 298.68680350145286,
  "tau_facilInh_RA": 301.87164519755623,
  "ItoE_weight_SA": 0.00035774760004028,
  "ItoE_w_min_SA": 0.00013441588379045,
  "ItoE_smooth_SA": 1.0895608761323898,
  "ItoE_x_half_SA": 0.2110081881134183,
  "InterPSDC_weight_SA": 0.00046086790520683,
  "InterPSDC_w_min_SA": 0.0001370547040778,
  "InterPSDC_smooth_SA": 1.11181732129016,
  "InterPSDC_x_half_SA": 0.125864323972766,
  "PANtoE_weight_SA": 0.00096932781118022,
  "PANtoE_w_min_SA": 0.00010809121260563,
  "PANtoE_smooth_SA": 1.1061963867433755,
  "PANtoE_x_half_SA": 0.156653880864437,
  "PANtoI_weight_SA": 0.00046591596512203,
  "PANtoI_w_min_SA": 0.00012096379067778,
  "PANtoI_smooth_SA": 0.5926668960549302,
  "PANtoI_x_half_SA": 0.1233601465878005,
  "tauExcProj_SA": 4.130656728502869,
  "tauExcInh_SA": 2.0074566529871074,
  "tauExcPSDC_SA": 33.7574949233628,
  "tauPSDCtoProj_SA": 98.09872574807105,
  "tauPSDCtoInh_SA": 66.7949938066784,
  "tauInh_SA": 29.778296675660677,
  "tau_recExcProj_SA": 30.938276329588952,
  "tau_recExcInh_SA": 31.48021319427458,
  "tau_recExcPSDC_SA": 125.4164050864444,
  "tau_recPSDCtoProj_SA": 18.83558388836892,
  "tau_recPSDCtoInh_SA": 19.68768610243548,
  "tau_recInh_SA": 88.21563395390638,
  "UExcProj_SA": 0.2238230740741474,
  "UExcInh_SA": 0.2429007005835851,
  "UExcPSDC_SA": 0.0553353265137501,
  "UPSDCtoProj_SA": 0.4948716945565751,
  "UPSDCtoInh_SA": 0.6479082061914387,
  "UInh_SA": 0.5090518079683274,
  "tau_facilExcProj_SA": 39.4487998104382,
  "tau_facilExcInh_SA": 21.79714792202251,
  "tau_facilExcPSDC_SA": 239.4142342165385,
  "tau_facilPSDCtoProj_SA": 204.16246819653412,
  "tau_facilPSDCtoInh_SA": 226.4463318235009,
  "tau_facilInh_SA": 283.2388766054165
}