{
  "ItoE_weight": 0.00030420797020219,
  "InterPSDC_weight": 0.00086924111372773,
  "PANtoE_weight": 0.00075678458736897,
  "PANtoI_weight": 0.00052748450343946,
  "tauExcProj": 6.625227084703303,
  "tauExcInh": 2.157445597621955,
  "tauExcPSDC": 71.24318861495145,
  "tauPSDCtoProj": 19.313527801719392,
  "tauPSDCtoInh": 11.488668093855535,
  "tauInh": 67.44998228355261,
  "tau_recExcProj": 23.514224937145045,
  "tau_recExcInh": 80.69778634584982,
  "tau_recExcPSDC": 23.276111445641035,
  "tau_recPSDCtoProj": 2.344569431831601,
  "tau_recPSDCtoInh": 8.817039349996696,
  "tau_recInh": 130.89215396888406,
  "UExcProj": 0.1763073237373945,
  "UExcInh": 0.3500168647723048,
  "UExcPSDC": 0.2294338804211347,
  "UPSDCtoProj": 0.5214937185281443,
  "UPSDCtoInh": 0.2906904107913946,
  "UInh": 0.3539470782609058,
  "tau_facilExcProj": 71.49781765565294,
  "tau_facilExcInh": 147.66298168374914,
  "tau_facilExcPSDC": 145.07822228950573,
  "tau_facilPSDCtoProj": 150.0594076742324,
  "tau_facilPSDCtoInh": 218.8739602149603,
  "tau_facilInh": 130.6206589163305
}