{
  "ItoE_weight_RA": 0.00117032731966125,
  "ItoE_w_min_RA": 0.00012288416749991,
  "ItoE_smooth_RA": 1.4251468612447642,
  "ItoE_x_half_RA": 0.1782726046732766,
  "InterPSDC_weight_RA": 0.00056505292062444,
  "InterPSDC_w_min_RA": 0.00045236853553806,
  "InterPSDC_smooth_RA": 0.5203951341987293,
  "InterPSDC_x_half_RA": 0.1231654879521496,
  "PANtoE_weight_RA": 0.00161688841250931,
  "PANtoE_w_min_RA": 0.00090832275768423,
  "PANtoE_smooth_RA": 1.248614248187188,
  "PANtoE_x_half_RA": 0.1673540316376106,
  "PANtoI_weight_RA": 0.00050012798796497,
  "PANtoI_w_min_RA": 0.00010003650858879,
  "PANtoI_smooth_RA": 1.1974135878267678,
  "PANtoI_x_half_RA": 0.1083580010201964,
  "tauExcProj_RA": 2.0,
  "tauExcInh_RA": 2.038703968631859,
  "tauExcPSDC_RA": 12.683991731071105,
  "tauPSDCtoProj_RA": 31.49763230352612,
  "tauPSDCtoInh_RA": 46.21483657469175,
  "tauInh_RA": 69.62256951937755,
  "tau_recExcProj_RA": 3.843852612904073,
  "tau_recExcInh_RA": 72.89103028996648,
  "tau_recExcPSDC_RA": 10.167133838956389,
  "tau_recPSDCtoProj_RA": 9.82004971540432,
  "tau_recPSDCtoInh_RA": 86.72310352257348,
  "tau_recInh_RA": 2.0201294732556665,
  "UExcProj_RA": 0.2985870178542969,
  "UExcInh_RA": 0.3313864492934382,
  "UExcPSDC_RA": 0.3557186094056035,
  "UPSDCtoProj_RA": 0.2489904272178022,
  "UPSDCtoInh_RA": 0.3455393224251534,
  "UInh_RA": 0.3397873151851199,
  "tau_facilExcProj_RA": 77.58598997260326,
  "tau_facilExcInh_RA": 178.36228941893802,
  "tau_facilExcPSDC_RA": 195.5607782253305,
  "tau_facilPSDCtoProj_RA": 75.96056423838195,
  "tau_facilPSDCtoInh_RA": 31.171270602206132,
  "tau_facilInh_RA": 113.18399771263113
}