{
  "ItoE_weight": 0.00030288122024485,
  "ItoE_w_min": 0.00010797782657157,
  "ItoE_smooth": 0.9189671674804614,
  "ItoE_x_half": 0.4848954551674905,
  "InterPSDC_weight": 0.00063562579395192,
  "InterPSDC_w_min": 0.0001168133249851,
  "InterPSDC_smooth": 1.336465731089751,
  "InterPSDC_x_half": 0.6987418700567739,
  "PANtoE_weight": 0.00090346993852341,
  "PANtoE_w_min": 0.00010298399218379,
  "PANtoE_smooth": 1.391593502523916,
  "PANtoE_x_half": 0.3285897810459139,
  "PANtoI_weight": 0.0004063822428,
  "PANtoI_w_min": 0.00010408376304396,
  "PANtoI_smooth": 1.111601249066982,
  "PANtoI_x_half": 0.5039272960035898,
  "tauExcProj": 10.349222817420964,
  "tauExcInh": 2.0607407468581136,
  "tauExcPSDC": 26.779345184150756,
  "tauPSDCtoProj": 7.734481010006569,
  "tauPSDCtoInh": 70.48188017398388,
  "tauInh": 2.1370971178725577,
  "tau_recExcProj": 7.431145688451594,
  "tau_recExcInh": 194.5231576470112,
  "tau_recExcPSDC": 149.51353732384084,
  "tau_recPSDCtoProj": 147.1968281436012,
  "tau_recPSDCtoInh": 12.987532751372516,
  "tau_recInh": 105.10325906842274,
  "UExcProj": 0.0531358368170613,
  "UExcInh": 0.3910431282307491,
  "UExcPSDC": 0.5935982531803522,
  "UPSDCtoProj": 0.221902221138161,
  "UPSDCtoInh": 0.3991027225432832,
  "UInh": 0.3677697712390733,
  "tau_facilExcProj": 2.234797448604011,
  "tau_facilExcInh": 92.40638154038942,
  "tau_facilExcPSDC": 72.34371625273958,
  "tau_facilPSDCtoProj": 221.3941176452176,
  "tau_facilPSDCtoInh": 215.5091073102233,
  "tau_facilInh": 200.64673159666395
}