{
  "ItoE_weight": 0.00031702025746801767,
  "ItoE_w_min": 0.00010067212176380382,
  "ItoE_smooth": 1.2052307442846757,
  "ItoE_x_half": 0.5002777152739125,
  "InterPSDC_weight": 0.0003538499401699149,
  "InterPSDC_w_min": 0.00009933633566043883,
  "InterPSDC_smooth": 1.1890871636590998,
  "InterPSDC_x_half": 0.4984583926296675,
  "PANtoE_weight": 0.0007446081706098418,
  "PANtoE_w_min": 0.00010078117051337127,
  "PANtoE_smooth": 1.197232448523772,
  "PANtoE_x_half": 0.4966371113084531,
  "PANtoI_weight": 0.000450043695037372,
  "PANtoI_w_min": 0.00010432300491727779,
  "PANtoI_smooth": 1.200272105586596,
  "PANtoI_x_half": 0.4996677256839036,
  "tauExcProj": 6.709649716891319,
  "tauExcInh": 1.999244820491441,
  "tauExcPSDC": 7.935432890679666,
  "tauPSDCtoProj": 61.0519119958043,
  "tauPSDCtoInh": 88.90701456851711,
  "tauInh": 41.86056713313292,
  "tau_recExcProj": 23.498954490969,
  "tau_recExcInh": 66.5334622978258,
  "tau_recExcPSDC": 159.5119972008326,
  "tau_recPSDCtoProj": 37.08293423134819,
  "tau_recPSDCtoInh": 51.89849999041706,
  "tau_recInh": 107.78813029437991,
  "UExcProj": 0.21404217459436184,
  "UExcInh": 0.25765899431698747,
  "UExcPSDC": 0.15989449470644893,
  "UPSDCtoProj": 0.5284134074066702,
  "UPSDCtoInh": 0.5336363219032351,
  "UInh": 0.4139257007467512,
  "tau_facilExcProj": 16.799510188822744,
  "tau_facilExcInh": 85.96629917719136,
  "tau_facilExcPSDC": 154.43114839255352,
  "tau_facilPSDCtoProj": 179.53601411256275,
  "tau_facilPSDCtoInh": 256.27626597553314,
  "tau_facilInh": 269.2282691946951
}