{
  "ItoE_weight": 0.00030555797511588,
  "InterPSDC_weight": 0.00045707915635572,
  "PANtoE_weight": 0.0006565821837479,
  "PANtoI_weight": 0.00050038109507287,
  "tauExcProj": 36.83645412226657,
  "tauExcInh": 2.8766557546648404,
  "tauExcPSDC": 1.9991456725882384,
  "tauPSDCtoProj": 39.19723965459541,
  "tauPSDCtoInh": 31.164668240717667,
  "tauInh": 43.51187291919794,
  "tau_recExcProj": 28.704114044178144,
  "tau_recExcInh": 9.212591907021263,
  "tau_recExcPSDC": 93.78193068460632,
  "tau_recPSDCtoProj": 34.169679849186224,
  "tau_recPSDCtoInh": 3.61058183796484,
  "tau_recInh": 40.736734650293,
  "UExcProj": 0.0554042105442391,
  "UExcInh": 0.3213665225908869,
  "UExcPSDC": 0.2402162993481815,
  "UPSDCtoProj": 0.3930990250175221,
  "UPSDCtoInh": 0.3005744933267019,
  "UInh": 0.2975388093417038,
  "tau_facilExcProj": 82.1945277045306,
  "tau_facilExcInh": 110.9248003777665,
  "tau_facilExcPSDC": 65.63623912592901,
  "tau_facilPSDCtoProj": 97.98500224686236,
  "tau_facilPSDCtoInh": 182.0977239839559,
  "tau_facilInh": 98.19067250195224,
  "hypervolume": 0.0
}