{
  "ItoE_weight": 0.00030224270715604,
  "EtoI_weight": 0.00030000645525584,
  "EtoE_weight": 0.00036675124972993,
  "InterPSDC_weight": 0.0047398696766764,
  "PANtoE_weight": 0.0007123415013919,
  "PANtoI_weight": 0.00043992273304431,
  "tauExcProj": 5.078068430236924,
  "tauExcInh": 2.1414384096088868,
  "tauProjInh": 102.10621965861496,
  "tauProjProj": 2.0184349035845672,
  "tauExcPSDC": 27.402400061226107,
  "tauPSDCtoProj": 76.21895956241194,
  "tauPSDCtoInh": 94.43797076755747,
  "tauInh": 25.501582202984164,
  "tau_recExcProj": 8.58337428197061,
  "tau_recExcInh": 66.3703226669145,
  "tau_recProjInh": 22.749188759510403,
  "tau_recProjProj": 68.41822413624784,
  "tau_recExcPSDC": 32.8101116750746,
  "tau_recPSDCtoProj": 107.43710332987432,
  "tau_recPSDCtoInh": 67.57725073359306,
  "tau_recInh": 44.98933770293083,
  "UExcProj": 0.0507117554717971,
  "UExcInh": 0.1958943469609902,
  "UProjInh": 2.013198105666334,
  "UProjProj": 2.0026469414116117,
  "UExcPSDC": 0.4878822017242908,
  "UPSDCtoProj": 0.4205070107386992,
  "UPSDCtoInh": 0.1999304829676139,
  "UInh": 0.2784483237630362,
  "tau_facilExcProj": 88.00494175572166,
  "tau_facilExcInh": 132.24752551462305,
  "tau_facilProjInh": 229.18155040986107,
  "tau_facilProjProj": 71.40440285409062,
  "tau_facilExcPSDC": 103.79658282786758,
  "tau_facilPSDCtoProj": 164.05433419183493,
  "tau_facilPSDCtoInh": 231.0380154801079,
  "tau_facilInh": 21.24679857375084
}