{
  "ItoE_weight": 0.00033174108800974,
  "InterPSDC_weight": 0.00053412501097723,
  "PANtoE_weight": 0.00083268430828575,
  "PANtoI_weight": 0.00047050944922189,
  "tauExcProj": 11.060864714492933,
  "tauExcInh": 4.348065522433931,
  "tauExcPSDC": 47.711419308453394,
  "tauPSDCtoProj": 37.47146933073363,
  "tauPSDCtoInh": 58.094692653712094,
  "tauInh": 3.0614345264953315,
  "tau_recExcProj": 3.9210692345324256,
  "tau_recExcInh": 88.58970456166534,
  "tau_recExcPSDC": 142.8400997415793,
  "tau_recPSDCtoProj": 163.858846210855,
  "tau_recPSDCtoInh": 66.35864182242454,
  "tau_recInh": 3.4606026439008297,
  "UExcProj": 0.0669060653274793,
  "UExcInh": 0.3203158509079243,
  "UExcPSDC": 0.4623301143889002,
  "UPSDCtoProj": 0.303971759126065,
  "UPSDCtoInh": 0.3366601636346326,
  "UInh": 0.5476079113826031,
  "tau_facilExcProj": 3.4139787043490357,
  "tau_facilExcInh": 55.18256981249401,
  "tau_facilExcPSDC": 57.24483286975851,
  "tau_facilPSDCtoProj": 279.8229752777614,
  "tau_facilPSDCtoInh": 281.3690592186124,
  "tau_facilInh": 54.72943716765913
}