{
  "ItoE_weight_RA": 0.00071154661846468,
  "ItoE_w_min_RA": 0.00024954526136973,
  "ItoE_smooth_RA": 1.0985070296657236,
  "ItoE_x_half_RA": 0.1761760852098255,
  "InterPSDC_weight_RA": 0.00135920582387333,
  "InterPSDC_w_min_RA": 0.00055947123045108,
  "InterPSDC_smooth_RA": 1.2012136007682164,
  "InterPSDC_x_half_RA": 0.128355242144644,
  "PANtoE_weight_RA": 0.00189729492175563,
  "PANtoE_w_min_RA": 0.00146738108531401,
  "PANtoE_smooth_RA": 1.1039831869326944,
  "PANtoE_x_half_RA": 0.1018244858008209,
  "PANtoI_weight_RA": 0.00158621987233714,
  "PANtoI_w_min_RA": 0.0005245128808473,
  "PANtoI_smooth_RA": 1.195379525557697,
  "PANtoI_x_half_RA": 0.1086271662493613,
  "tauExcProj_RA": 9.293529268518371,
  "tauExcInh_RA": 15.734528706045632,
  "tauExcPSDC_RA": 8.15852520333261,
  "tauPSDCtoProj_RA": 10.200918290190916,
  "tauPSDCtoInh_RA": 150.94557913969857,
  "tauInh_RA": 20.268013367138835,
  "tau_recExcProj_RA": 231.52765469611148,
  "tau_recExcInh_RA": 37.48427144936921,
  "tau_recExcPSDC_RA": 285.76975105283645,
  "tau_recPSDCtoProj_RA": 29.44088888829232,
  "tau_recPSDCtoInh_RA": 55.86621096966526,
  "tau_recInh_RA": 94.78617715315664,
  "UExcProj_RA": 0.2146306364873325,
  "UExcInh_RA": 0.181521728227626,
  "UExcPSDC_RA": 0.1359662608566474,
  "UPSDCtoProj_RA": 0.4030582913450511,
  "UPSDCtoInh_RA": 0.6305933808372861,
  "UInh_RA": 0.275661480662239,
  "tau_facilExcProj_RA": 16.549142877465055,
  "tau_facilExcInh_RA": 19.66520737492185,
  "tau_facilExcPSDC_RA": 126.32259082579016,
  "tau_facilPSDCtoProj_RA": 142.3777290348688,
  "tau_facilPSDCtoInh_RA": 300.74118138173816,
  "tau_facilInh_RA": 299.9195106485612,
  "ItoE_weight_SA": 0.00035660134874651,
  "ItoE_w_min_SA": 0.00013388043247684,
  "ItoE_smooth_SA": 1.0797570073743354,
  "ItoE_x_half_SA": 0.2124875789366981,
  "InterPSDC_weight_SA": 0.00045676502019079,
  "InterPSDC_w_min_SA": 0.00013715070482428,
  "InterPSDC_smooth_SA": 1.1030746838127734,
  "InterPSDC_x_half_SA": 0.1258207165730803,
  "PANtoE_weight_SA": 0.00096898016554619,
  "PANtoE_w_min_SA": 0.0001071592920421,
  "PANtoE_smooth_SA": 1.0952809445901908,
  "PANtoE_x_half_SA": 0.1554120759267307,
  "PANtoI_weight_SA": 0.00046456454313558,
  "PANtoI_w_min_SA": 0.00012106509113626,
  "PANtoI_smooth_SA": 0.5969824924864265,
  "PANtoI_x_half_SA": 0.1227255741770967,
  "tauExcProj_SA": 4.133782463598772,
  "tauExcInh_SA": 1.9938125695878508,
  "tauExcPSDC_SA": 33.788552459096344,
  "tauPSDCtoProj_SA": 97.29905878859756,
  "tauPSDCtoInh_SA": 66.84309365469278,
  "tauInh_SA": 29.736096704881845,
  "tau_recExcProj_SA": 31.186495826347414,
  "tau_recExcInh_SA": 31.254593686980183,
  "tau_recExcPSDC_SA": 124.80569930457648,
  "tau_recPSDCtoProj_SA": 18.83169349998256,
  "tau_recPSDCtoInh_SA": 19.73041756770715,
  "tau_recInh_SA": 88.05772179604604,
  "UExcProj_SA": 0.2217485149738316,
  "UExcInh_SA": 0.2420253311001747,
  "UExcPSDC_SA": 0.0552714945914263,
  "UPSDCtoProj_SA": 0.4980737641435031,
  "UPSDCtoInh_SA": 0.6472300403276364,
  "UInh_SA": 0.5119539285177277,
  "tau_facilExcProj_SA": 39.45216225083116,
  "tau_facilExcInh_SA": 21.73914199590781,
  "tau_facilExcPSDC_SA": 237.59018431657185,
  "tau_facilPSDCtoProj_SA": 205.59921801489253,
  "tau_facilPSDCtoInh_SA": 225.13352377174624,
  "tau_facilInh_SA": 282.0728236274764
}