{
  "ItoE_weight_SA": 0.00030973412573739,
  "ItoE_w_min_SA": 0.00016904864617934,
  "ItoE_smooth_SA": 2.5438519771235626,
  "ItoE_x_half_SA": 0.1313682253338597,
  "InterPSDC_weight_SA": 0.000491812866549,
  "InterPSDC_w_min_SA": 0.00013211124695877,
  "InterPSDC_smooth_SA": 0.9001610455298169,
  "InterPSDC_x_half_SA": 0.1416595693785543,
  "PANtoE_weight_SA": 0.00046382562555496,
  "PANtoE_w_min_SA": 0.00020453241964065,
  "PANtoE_smooth_SA": 0.5474973881658527,
  "PANtoE_x_half_SA": 0.1020144060742336,
  "PANtoI_weight_SA": 0.00052958793364773,
  "PANtoI_w_min_SA": 0.00011100220445877,
  "PANtoI_smooth_SA": 1.939067693551175,
  "PANtoI_x_half_SA": 0.1937180403408206,
  "tauExcProj_SA": 19.77951554622801,
  "tauExcInh_SA": 2.516060811647721,
  "tauExcPSDC_SA": 82.64773410726198,
  "tauPSDCtoProj_SA": 31.358091676807238,
  "tauPSDCtoInh_SA": 25.934110126860563,
  "tauInh_SA": 184.4206538276576,
  "tau_recExcProj_SA": 2.9502795139921427,
  "tau_recExcInh_SA": 105.84187750639398,
  "tau_recExcPSDC_SA": 34.971231187420166,
  "tau_recPSDCtoProj_SA": 35.55298576212475,
  "tau_recPSDCtoInh_SA": 66.7392876945749,
  "tau_recInh_SA": 9.520474734371495,
  "UExcProj_SA": 0.3583965932517224,
  "UExcInh_SA": 0.2653708606094876,
  "UExcPSDC_SA": 0.5589808228093798,
  "UPSDCtoProj_SA": 0.3286105303393467,
  "UPSDCtoInh_SA": 0.1152130950283885,
  "UInh_SA": 0.3577732294921879,
  "tau_facilExcProj_SA": 34.57140653117539,
  "tau_facilExcInh_SA": 163.25739208495358,
  "tau_facilExcPSDC_SA": 57.1947215759928,
  "tau_facilPSDCtoProj_SA": 98.13261915466596,
  "tau_facilPSDCtoInh_SA": 134.84911568256385,
  "tau_facilInh_SA": 121.70781522661416
}