{
  "ItoE_weight_RA": 0.0011574948846591418,
  "ItoE_w_min_RA": 0.00012368949888144688,
  "ItoE_smooth_RA": 1.4206196179396717,
  "ItoE_x_half_RA": 0.17666806140309949,
  "InterPSDC_weight_RA": 0.0005626818388922538,
  "InterPSDC_w_min_RA": 0.0005177596900024622,
  "InterPSDC_smooth_RA": 0.5167296054995024,
  "InterPSDC_x_half_RA": 0.12208127445699733,
  "PANtoE_weight_RA": 0.001628211073506926,
  "PANtoE_w_min_RA": 0.0009138707035741198,
  "PANtoE_smooth_RA": 1.2591900275970618,
  "PANtoE_x_half_RA": 0.1663038963989557,
  "PANtoI_weight_RA": 0.0005,
  "PANtoI_w_min_RA": 0.0001,
  "PANtoI_smooth_RA": 1.1980807339625241,
  "PANtoI_x_half_RA": 0.1094244131623643,
  "tauExcProj_RA": 2.000884023369725,
  "tauExcInh_RA": 2.0534568453535402,
  "tauExcPSDC_RA": 12.702600199000251,
  "tauPSDCtoProj_RA": 6.81642052345763,
  "tauPSDCtoInh_RA": 20.8512663212491,
  "tauInh_RA": 75.2566264456613,
  "tau_recExcProj_RA": 43.81043034179514,
  "tau_recExcInh_RA": 67.95684208771146,
  "tau_recExcPSDC_RA": 20.518094555209423,
  "tau_recPSDCtoProj_RA": 9.893749388601313,
  "tau_recPSDCtoInh_RA": 87.7139864473723,
  "tau_recInh_RA": 2.0060593224990892,
  "UExcProj_RA": 0.2956994594181515,
  "UExcInh_RA": 0.33072411224309617,
  "UExcPSDC_RA": 0.3102989454579317,
  "UPSDCtoProj_RA": 0.24726438417021943,
  "UPSDCtoInh_RA": 0.34351308236759387,
  "UInh_RA": 0.3391072267162771,
  "tau_facilExcProj_RA": 73.0304988882274,
  "tau_facilExcInh_RA": 179.14543474715057,
  "tau_facilExcPSDC_RA": 193.5899339969973,
  "tau_facilPSDCtoProj_RA": 72.6576493972694,
  "tau_facilPSDCtoInh_RA": 31.47925721558221,
  "tau_facilInh_RA": 113.39823819962109,
  "ItoE_weight_SA": 0.00037238656466584506,
  "ItoE_w_min_SA": 0.00010304699504526896,
  "ItoE_smooth_SA": 1.2829456466712168,
  "ItoE_x_half_SA": 0.1481005930512793,
  "InterPSDC_weight_SA": 0.0005238308588907402,
  "InterPSDC_w_min_SA": 0.00016615703007870491,
  "InterPSDC_smooth_SA": 0.9474757804053033,
  "InterPSDC_x_half_SA": 0.10166990519803798,
  "PANtoE_weight_SA": 0.0004763944547019106,
  "PANtoE_w_min_SA": 0.00012284378180141926,
  "PANtoE_smooth_SA": 0.901007085038346,
  "PANtoE_x_half_SA": 0.12528905218416067,
  "PANtoI_weight_SA": 0.00051503495376262875,
  "PANtoI_w_min_SA": 0.00010310586700541667,
  "PANtoI_smooth_SA": 1.2278754351687804,
  "PANtoI_x_half_SA": 0.18103453632134234,
  "tauExcProj_SA": 11.152982121059571,
  "tauExcInh_SA": 2.617996364730099,
  "tauExcPSDC_SA": 49.287010460465225,
  "tauPSDCtoProj_SA": 17.280249395014874,
  "tauPSDCtoInh_SA": 26.823764946877468,
  "tauInh_SA": 101.2370414071497,
  "tau_recExcProj_SA": 31.166377982024457,
  "tau_recExcInh_SA": 136.53333764439674,
  "tau_recExcPSDC_SA": 72.44143816235041,
  "tau_recPSDCtoProj_SA": 9.38522991299949,
  "tau_recPSDCtoInh_SA": 46.568818289870556,
  "tau_recInh_SA": 13.557435688948933,
  "UExcProj_SA": 0.34571680759929446,
  "UExcInh_SA": 0.2866616282111962,
  "UExcPSDC_SA": 0.30236202924633226,
  "UPSDCtoProj_SA": 0.26459434881420013,
  "UPSDCtoInh_SA": 0.22274951294621892,
  "UInh_SA": 0.38388703894703086,
  "tau_facilExcProj_SA": 99.61618271035414,
  "tau_facilExcInh_SA": 81.71569880228499,
  "tau_facilExcPSDC_SA": 89.21259555446093,
  "tau_facilPSDCtoProj_SA": 88.5914368232365,
  "tau_facilPSDCtoInh_SA": 157.7325685552418,
  "tau_facilInh_SA": 115.1407887200775
}