{
  "ItoE_weight": 0.0003424498212869,
  "InterPSDC_weight": 0.00049537019022232,
  "PANtoE_weight": 0.00058262251632159,
  "PANtoI_weight": 0.00050164289752362,
  "tauExcProj": 37.15852297772068,
  "tauExcInh": 2.8590214874979267,
  "tauExcPSDC": 2.0042048013951086,
  "tauPSDCtoProj": 39.08991577600894,
  "tauPSDCtoInh": 31.21921575251666,
  "tauInh": 33.84300826155108,
  "tau_recExcProj": 10.453342153233834,
  "tau_recExcInh": 9.211824758126289,
  "tau_recExcPSDC": 96.17598456983195,
  "tau_recPSDCtoProj": 34.37838801884591,
  "tau_recPSDCtoInh": 2.848760578192475,
  "tau_recInh": 40.968716546943234,
  "UExcProj": 0.0559306535343777,
  "UExcInh": 0.323862471937675,
  "UExcPSDC": 0.3017932736228318,
  "UPSDCtoProj": 0.3681097179242278,
  "UPSDCtoInh": 0.298988916396654,
  "UInh": 0.2976038859766211,
  "tau_facilExcProj": 82.85151316095067,
  "tau_facilExcInh": 99.20647362398934,
  "tau_facilExcPSDC": 65.53814533759225,
  "tau_facilPSDCtoProj": 97.32297599425408,
  "tau_facilPSDCtoInh": 102.63184506186522,
  "tau_facilInh": 100.24122647747284,
  "hypervolume": 0.0
}