{
  "ItoE_weight_SA": 0.00032000946414206,
  "ItoE_w_min_SA": 0.00016626616714228,
  "ItoE_smooth_SA": 2.430851604774609,
  "ItoE_x_half_SA": 0.111736503343864,
  "InterPSDC_weight_SA": 0.000534319868391,
  "InterPSDC_w_min_SA": 0.00013370339550512,
  "InterPSDC_smooth_SA": 0.9476581738449632,
  "InterPSDC_x_half_SA": 0.1811973482068087,
  "PANtoE_weight_SA": 0.0003855347639964,
  "PANtoE_w_min_SA": 0.00025823223561167,
  "PANtoE_smooth_SA": 1.1076888344288909,
  "PANtoE_x_half_SA": 0.2738177867671063,
  "PANtoI_weight_SA": 0.00033852449922612,
  "PANtoI_w_min_SA": 0.00010530849362249,
  "PANtoI_smooth_SA": 2.473877965362269,
  "PANtoI_x_half_SA": 0.2618230262928609,
  "tauExcProj_SA": 3.781306660290461,
  "tauExcInh_SA": 2.116024637503978,
  "tauExcPSDC_SA": 67.82128148111336,
  "tauPSDCtoProj_SA": 83.48374937302687,
  "tauPSDCtoInh_SA": 30.13485567861997,
  "tauInh_SA": 141.51751751557313,
  "tau_recExcProj_SA": 52.84451209184735,
  "tau_recExcInh_SA": 112.2377814510308,
  "tau_recExcPSDC_SA": 31.84275430644632,
  "tau_recPSDCtoProj_SA": 87.43264154423632,
  "tau_recPSDCtoInh_SA": 56.81443877534783,
  "tau_recInh_SA": 35.66465333439736,
  "UExcProj_SA": 0.7711678846216447,
  "UExcInh_SA": 0.2701880517736482,
  "UExcPSDC_SA": 0.5938417826168186,
  "UPSDCtoProj_SA": 0.3954148622189354,
  "UPSDCtoInh_SA": 0.1641744527289824,
  "UInh_SA": 0.5871324628004048,
  "tau_facilExcProj_SA": 64.21180843250404,
  "tau_facilExcInh_SA": 226.6463669645094,
  "tau_facilExcPSDC_SA": 126.9813446275903,
  "tau_facilPSDCtoProj_SA": 54.2344178523503,
  "tau_facilPSDCtoInh_SA": 154.8189247679624,
  "tau_facilInh_SA": 41.66005521207984
}