{
  "ItoE_weight": 0.00033137005771322,
  "ItoE_w_min": 0.00011025922956602,
  "ItoE_smooth": 1.3435650354469966,
  "ItoE_x_half": 0.1332566968299232,
  "InterPSDC_weight": 0.00078246839601481,
  "InterPSDC_w_min": 0.0001974380511318,
  "InterPSDC_smooth": 1.2722210983198674,
  "InterPSDC_x_half": 0.1042396964995266,
  "PANtoE_weight": 0.00100766751579382,
  "PANtoE_w_min": 0.00010640246362135,
  "PANtoE_smooth": 1.6618286015683983,
  "PANtoE_x_half": 0.3315763154403373,
  "PANtoI_weight": 0.00046767681631186,
  "PANtoI_w_min": 0.00013124504156074,
  "PANtoI_smooth": 1.722100798993834,
  "PANtoI_x_half": 0.2724512030332881,
  "tauExcProj": 13.821733814568278,
  "tauExcInh": 11.149598569919885,
  "tauExcPSDC": 21.7641935514792,
  "tauPSDCtoProj": 2.9915300898255626,
  "tauPSDCtoInh": 82.1603872146812,
  "tauInh": 29.87044431532222,
  "tau_recExcProj": 2.038080462090525,
  "tau_recExcInh": 120.92591092736976,
  "tau_recExcPSDC": 17.310391344031267,
  "tau_recPSDCtoProj": 181.21302742695212,
  "tau_recPSDCtoInh": 2.890305767141915,
  "tau_recInh": 92.52651695327924,
  "UExcProj": 0.0766984704313753,
  "UExcInh": 0.3133954241101463,
  "UExcPSDC": 0.4760591107444969,
  "UPSDCtoProj": 0.318352226508051,
  "UPSDCtoInh": 0.2834698530364656,
  "UInh": 0.5652785777160313,
  "tau_facilExcProj": 2.122711160471969,
  "tau_facilExcInh": 168.03097402818628,
  "tau_facilExcPSDC": 118.84875868527196,
  "tau_facilPSDCtoProj": 219.63693759962624,
  "tau_facilPSDCtoInh": 349.9116316933348,
  "tau_facilInh": 124.53257136874038
}