{
  "ItoE_weight_SA": 0.00037241226772766,
  "ItoE_w_min_SA": 0.00010361608641068,
  "ItoE_smooth_SA": 1.2716574352121968,
  "ItoE_x_half_SA": 0.1493390777800696,
  "InterPSDC_weight_SA": 0.00052673645441382,
  "InterPSDC_w_min_SA": 0.00016536599762003,
  "InterPSDC_smooth_SA": 1.0833732851069025,
  "InterPSDC_x_half_SA": 0.1009099946182644,
  "PANtoE_weight_SA": 0.00047525628389716,
  "PANtoE_w_min_SA": 0.00012180585013606,
  "PANtoE_smooth_SA": 0.9053860680497506,
  "PANtoE_x_half_SA": 0.1357427729781032,
  "PANtoI_weight_SA": 0.00051404322637887,
  "PANtoI_w_min_SA": 0.00010247530935263,
  "PANtoI_smooth_SA": 1.2332408498799143,
  "PANtoI_x_half_SA": 0.1797697503681232,
  "tauExcProj_SA": 11.104105094908448,
  "tauExcInh_SA": 2.5931238617175865,
  "tauExcPSDC_SA": 73.66347879894663,
  "tauPSDCtoProj_SA": 17.44062179623926,
  "tauPSDCtoInh_SA": 26.741039613126425,
  "tauInh_SA": 101.4082728608602,
  "tau_recExcProj_SA": 30.94553742711844,
  "tau_recExcInh_SA": 137.19047685934245,
  "tau_recExcPSDC_SA": 77.4378414343866,
  "tau_recPSDCtoProj_SA": 9.297179511150818,
  "tau_recPSDCtoInh_SA": 76.20828140348976,
  "tau_recInh_SA": 13.580562075151796,
  "UExcProj_SA": 0.3528741451323562,
  "UExcInh_SA": 0.2752413302415701,
  "UExcPSDC_SA": 0.3380956883082261,
  "UPSDCtoProj_SA": 0.360956331659756,
  "UPSDCtoInh_SA": 0.2233262740356216,
  "UInh_SA": 0.3836354230918694,
  "tau_facilExcProj_SA": 99.29115936158254,
  "tau_facilExcInh_SA": 81.45516057431978,
  "tau_facilExcPSDC_SA": 89.65182550824817,
  "tau_facilPSDCtoProj_SA": 88.4611950643745,
  "tau_facilPSDCtoInh_SA": 127.02730366464336,
  "tau_facilInh_SA": 115.78908007373924
}