{
  "ItoE_weight_SA": 0.00035550793689302,
  "ItoE_w_min_SA": 0.00010113410007205,
  "ItoE_smooth_SA": 1.3323903363300555,
  "ItoE_x_half_SA": 0.1473718646627952,
  "InterPSDC_weight_SA": 0.00052805977847362,
  "InterPSDC_w_min_SA": 0.00016992260256109,
  "InterPSDC_smooth_SA": 0.9259895312782956,
  "InterPSDC_x_half_SA": 0.1000019344641599,
  "PANtoE_weight_SA": 0.00048022397474786,
  "PANtoE_w_min_SA": 0.00012371341695031,
  "PANtoE_smooth_SA": 1.042451043846376,
  "PANtoE_x_half_SA": 0.1254668741733091,
  "PANtoI_weight_SA": 0.00049913338348751,
  "PANtoI_w_min_SA": 0.00011590731781113,
  "PANtoI_smooth_SA": 1.8066630040268683,
  "PANtoI_x_half_SA": 0.1764207462835943,
  "tauExcProj_SA": 11.075941621783423,
  "tauExcInh_SA": 2.636142643241895,
  "tauExcPSDC_SA": 61.98096307699368,
  "tauPSDCtoProj_SA": 20.08727084054862,
  "tauPSDCtoInh_SA": 4.519701824608193,
  "tauInh_SA": 96.7031864706959,
  "tau_recExcProj_SA": 17.876405288721326,
  "tau_recExcInh_SA": 100.47678741845368,
  "tau_recExcPSDC_SA": 7.014745922393353,
  "tau_recPSDCtoProj_SA": 16.652465814842813,
  "tau_recPSDCtoInh_SA": 66.0926655035539,
  "tau_recInh_SA": 5.8864055093723415,
  "UExcProj_SA": 0.346921616876164,
  "UExcInh_SA": 0.2591710188340821,
  "UExcPSDC_SA": 0.4124010171379168,
  "UPSDCtoProj_SA": 0.2637629784860339,
  "UPSDCtoInh_SA": 0.1793141964214221,
  "UInh_SA": 0.3949128807216669,
  "tau_facilExcProj_SA": 57.693787538862274,
  "tau_facilExcInh_SA": 76.53400559149011,
  "tau_facilExcPSDC_SA": 111.4750294606268,
  "tau_facilPSDCtoProj_SA": 126.19603878719248,
  "tau_facilPSDCtoInh_SA": 158.8968429069936,
  "tau_facilInh_SA": 117.10504806304245,
  "hypervolume": 1.2879134097194682
}