{
  "ItoE_weight": 0.00036418428516287,
  "InterPSDC_weight": 0.00053356510276341,
  "PANtoE_weight": 0.00076070964196943,
  "PANtoI_weight": 0.0005203331861167,
  "tauExcProj": 2.458844165121288,
  "tauExcInh": 2.1509813285023505,
  "tauExcPSDC": 39.16449246159613,
  "tauPSDCtoProj": 4.341503223161532,
  "tauPSDCtoInh": 12.277689152401932,
  "tauInh": 2.0,
  "tau_recExcProj": 24.135047724564476,
  "tau_recExcInh": 57.20903206356779,
  "tau_recExcPSDC": 152.864131603724,
  "tau_recPSDCtoProj": 3.1526155250427474,
  "tau_recPSDCtoInh": 100.82308122693703,
  "tau_recInh": 139.0174543207084,
  "UExcProj": 0.112315220484137,
  "UExcInh": 0.3031458659010033,
  "UExcPSDC": 0.2171709902406751,
  "UPSDCtoProj": 0.5227908807780184,
  "UPSDCtoInh": 0.3474661632853862,
  "UInh": 0.4065239418724797,
  "tau_facilExcProj": 72.8695916103376,
  "tau_facilExcInh": 101.37319790139011,
  "tau_facilExcPSDC": 165.24742119169792,
  "tau_facilPSDCtoProj": 150.89919672382595,
  "tau_facilPSDCtoInh": 279.1801372364072,
  "tau_facilInh": 117.06083484702448
}