{
  "ItoE_weight": 0.00030162698210933,
  "InterPSDC_weight": 0.00057652381357458,
  "PANtoE_weight": 0.00088199212527975,
  "PANtoI_weight": 0.00045932631891746,
  "tauExcProj": 11.30154339469049,
  "tauExcInh": 2.3661930873528387,
  "tauExcPSDC": 58.80322777385452,
  "tauPSDCtoProj": 9.360962554442333,
  "tauPSDCtoInh": 21.50366702937677,
  "tauInh": 3.850465606445439,
  "tau_recExcProj": 3.9210692345324256,
  "tau_recExcInh": 71.97325200550198,
  "tau_recExcPSDC": 146.98113848962043,
  "tau_recPSDCtoProj": 210.6471860867384,
  "tau_recPSDCtoInh": 20.880959915118044,
  "tau_recInh": 17.36762216299546,
  "UExcProj": 0.055699708201425,
  "UExcInh": 0.319890320904175,
  "UExcPSDC": 0.4555489483114954,
  "UPSDCtoProj": 0.3536693441099164,
  "UPSDCtoInh": 0.3236797772613193,
  "UInh": 0.5060471276309292,
  "tau_facilExcProj": 2.4374259995596224,
  "tau_facilExcInh": 50.494155263540335,
  "tau_facilExcPSDC": 89.5254945928709,
  "tau_facilPSDCtoProj": 226.37763327445785,
  "tau_facilPSDCtoInh": 282.59033727227745,
  "tau_facilInh": 182.1076942233221
}