{
  "ItoE_weight": 0.00036261234400157,
  "InterPSDC_weight": 0.00057918545847304,
  "PANtoE_weight": 0.00070802183229825,
  "PANtoI_weight": 0.00052468842095569,
  "tauExcProj": 2.430475544512539,
  "tauExcInh": 2.154358831899536,
  "tauExcPSDC": 38.74762663569904,
  "tauPSDCtoProj": 4.310512375494568,
  "tauPSDCtoInh": 12.103921818389615,
  "tauInh": 2.006874696025857,
  "tau_recExcProj": 48.708138568923424,
  "tau_recExcInh": 59.98021676040321,
  "tau_recExcPSDC": 153.47688691659854,
  "tau_recPSDCtoProj": 3.1171169573782795,
  "tau_recPSDCtoInh": 74.66452025771716,
  "tau_recInh": 89.98169497508191,
  "UExcProj": 0.1115316655492529,
  "UExcInh": 0.3064739784384322,
  "UExcPSDC": 0.2467188169154791,
  "UPSDCtoProj": 0.6099780262875703,
  "UPSDCtoInh": 0.2734181455747621,
  "UInh": 0.3433829560575812,
  "tau_facilExcProj": 96.62629680405188,
  "tau_facilExcInh": 162.99224428355717,
  "tau_facilExcPSDC": 120.9472693273167,
  "tau_facilPSDCtoProj": 152.7668354948384,
  "tau_facilPSDCtoInh": 231.88411545077628,
  "tau_facilInh": 116.83613662786306
}