{
  "ItoE_weight_RA": 0.00110774022821332,
  "ItoE_w_min_RA": 0.00012418684456426,
  "ItoE_smooth_RA": 1.3475226594286984,
  "ItoE_x_half_RA": 0.1926740157877297,
  "InterPSDC_weight_RA": 0.00166247658760038,
  "InterPSDC_w_min_RA": 0.00054274387498338,
  "InterPSDC_smooth_RA": 0.5398948466812148,
  "InterPSDC_x_half_RA": 0.1257296987568203,
  "PANtoE_weight_RA": 0.00261011755864939,
  "PANtoE_w_min_RA": 0.00191173408557423,
  "PANtoE_smooth_RA": 1.1198890052816572,
  "PANtoE_x_half_RA": 0.1602580172442881,
  "PANtoI_weight_RA": 0.00144111146697689,
  "PANtoI_w_min_RA": 0.00018701790254087,
  "PANtoI_smooth_RA": 1.373759231269846,
  "PANtoI_x_half_RA": 0.1004997853247376,
  "tauExcProj_RA": 2.000071699189374,
  "tauExcInh_RA": 2.393564321797471,
  "tauExcPSDC_RA": 12.85313644742274,
  "tauPSDCtoProj_RA": 85.29130541733448,
  "tauPSDCtoInh_RA": 18.65239653368152,
  "tauInh_RA": 89.6627111395243,
  "tau_recExcProj_RA": 66.95684091623566,
  "tau_recExcInh_RA": 131.59327580357927,
  "tau_recExcPSDC_RA": 19.495111770574084,
  "tau_recPSDCtoProj_RA": 47.579894590127616,
  "tau_recPSDCtoInh_RA": 5.597537922944973,
  "tau_recInh_RA": 2.224366332836664,
  "UExcProj_RA": 0.4206367295243071,
  "UExcInh_RA": 0.465109355218103,
  "UExcPSDC_RA": 0.4232767543655821,
  "UPSDCtoProj_RA": 0.1801385466720741,
  "UPSDCtoInh_RA": 0.257537001618238,
  "UInh_RA": 0.435973084206204,
  "tau_facilExcProj_RA": 2.016740680638989,
  "tau_facilExcInh_RA": 120.77082492341292,
  "tau_facilExcPSDC_RA": 230.2857724636796,
  "tau_facilPSDCtoProj_RA": 77.66482033729156,
  "tau_facilPSDCtoInh_RA": 17.902544848442396,
  "tau_facilInh_RA": 175.6004602338689
}