{
  "target_counts": [
    19,
    8,
    18,
    23,
    19,
    29,
    21,
    13,
    5,
    9,
    20,
    31,
    27,
    18,
    10,
    8,
    10,
    18,
    34,
    39,
    9,
    10,
    12,
    30,
    23,
    16,
    32,
    12,
    16,
    8,
    14,
    21,
    12,
    14,
    25,
    21,
    24,
    19,
    7,
    12,
    10,
    17,
    9,
    13,
    30,
    30,
    18,
    8,
    11,
    9,
    8,
    12,
    35,
    22,
    21,
    6,
    8,
    9,
    26,
    27,
    10,
    4,
    19,
    18
  ],
  "reference_counts": [
    27,
    28,
    22,
    15,
    33,
    25,
    32,
    25,
    18,
    25,
    16,
    22,
    23,
    28,
    28,
    16,
    29,
    27,
    24,
    32,
    17,
    24,
    14,
    31,
    21,
    25,
    23,
    27,
    23,
    22,
    33,
    23,
    20,
    25,
    19,
    30,
    24,
    22,
    23,
    22,
    19,
    33,
    16,
    23,
    26,
    24,
    30,
    17,
    20,
    24,
    17,
    20,
    27,
    20,
    23,
    26,
    28,
    36,
    13,
    22,
    11,
    12,
    12,
    21
  ],
  "differences": [
    -8,
    -20,
    -4,
    8,
    -14,
    4,
    -11,
    -12,
    -13,
    -16,
    4,
    9,
    4,
    -10,
    -18,
    -8,
    -19,
    -9,
    10,
    7,
    -8,
    -14,
    -2,
    -1,
    2,
    -9,
    9,
    -15,
    -7,
    -14,
    -19,
    -2,
    -8,
    -11,
    6,
    -9,
    0,
    -3,
    -16,
    -10,
    -9,
    -16,
    -7,
    -10,
    4,
    6,
    -12,
    -9,
    -9,
    -15,
    -9,
    -8,
    8,
    2,
    -2,
    -20,
    -20,
    -27,
    13,
    5,
    -1,
    -8,
    7,
    -3
  ],
  "bin_centers": [
    0.04908738521234052,
    0.14726215563702155,
    0.2454369260617026,
    0.3436116964863836,
    0.44178646691106466,
    0.5399612373357456,
    0.6381360077604268,
    0.7363107781851077,
    0.8344855486097889,
    0.9326603190344698,
    1.030835089459151,
    1.1290098598838318,
    1.227184630308513,
    1.325359400733194,
    1.423534171157875,
    1.521708941582556,
    1.6198837120072371,
    1.718058482431918,
    1.8162332528565992,
    1.9144080232812801,
    2.0125827937059615,
    2.110757564130642,
    2.208932334555323,
    2.3071071049800045,
    2.405281875404685,
    2.5034566458293668,
    2.6016314162540475,
    2.699806186678728,
    2.7979809571034098,
    2.8961557275280905,
    2.994330497952771,
    3.0925052683774528,
    3.1906800388021335,
    3.288854809226815,
    3.3870295796514958,
    3.4852043500761765,
    3.583379120500858,
    3.6815538909255388,
    3.7797286613502195,
    3.877903431774901,
    3.9760782021995817,
    4.074252972624263,
    4.172427743048944,
    4.270602513473625,
    4.368777283898305,
    4.466952054322987,
    4.565126824747669,
    4.663301595172349,
    4.76147636559703,
    4.859651136021711,
    4.957825906446392,
    5.056000676871074,
    5.154175447295755,
    5.252350217720435,
    5.350524988145116,
    5.448699758569798,
    5.546874528994478,
    5.64504929941916,
    5.743224069843841,
    5.841398840268521,
    5.939573610693202,
    6.037748381117884,
    6.135923151542565,
    6.234097921967246
  ],
  "bins": 64,
  "period": 100,
  "t_min": 400,
  "t_max": 708.6374000000001
}