{
  "target_counts": [
    71,
    53,
    46,
    56,
    48,
    51,
    62,
    47,
    69,
    56,
    58,
    53,
    64,
    51,
    57,
    54,
    52,
    63,
    51,
    60,
    55,
    63,
    69,
    45,
    47,
    53,
    58,
    41,
    53,
    46,
    57,
    57,
    61,
    60,
    58,
    51,
    67,
    63,
    45,
    50,
    50,
    60,
    45,
    51,
    73,
    85,
    51,
    51,
    53,
    40,
    56,
    53,
    40,
    45,
    49,
    40,
    63,
    65,
    35,
    55,
    30,
    35,
    35,
    29
  ],
  "reference_counts": [
    27,
    28,
    22,
    15,
    33,
    25,
    32,
    25,
    18,
    25,
    16,
    22,
    23,
    28,
    28,
    16,
    29,
    27,
    24,
    32,
    17,
    24,
    14,
    31,
    21,
    25,
    23,
    27,
    23,
    22,
    33,
    23,
    20,
    25,
    19,
    30,
    24,
    22,
    23,
    22,
    19,
    33,
    16,
    23,
    26,
    24,
    30,
    17,
    20,
    24,
    17,
    20,
    27,
    20,
    23,
    26,
    28,
    36,
    13,
    22,
    11,
    12,
    12,
    21
  ],
  "differences": [
    44,
    25,
    24,
    41,
    15,
    26,
    30,
    22,
    51,
    31,
    42,
    31,
    41,
    23,
    29,
    38,
    23,
    36,
    27,
    28,
    38,
    39,
    55,
    14,
    26,
    28,
    35,
    14,
    30,
    24,
    24,
    34,
    41,
    35,
    39,
    21,
    43,
    41,
    22,
    28,
    31,
    27,
    29,
    28,
    47,
    61,
    21,
    34,
    33,
    16,
    39,
    33,
    13,
    25,
    26,
    14,
    35,
    29,
    22,
    33,
    19,
    23,
    23,
    8
  ],
  "bin_centers": [
    0.04908738521234052,
    0.14726215563702155,
    0.2454369260617026,
    0.3436116964863836,
    0.44178646691106466,
    0.5399612373357456,
    0.6381360077604268,
    0.7363107781851077,
    0.8344855486097889,
    0.9326603190344698,
    1.030835089459151,
    1.1290098598838318,
    1.227184630308513,
    1.325359400733194,
    1.423534171157875,
    1.521708941582556,
    1.6198837120072371,
    1.718058482431918,
    1.8162332528565992,
    1.9144080232812801,
    2.0125827937059615,
    2.110757564130642,
    2.208932334555323,
    2.3071071049800045,
    2.405281875404685,
    2.5034566458293668,
    2.6016314162540475,
    2.699806186678728,
    2.7979809571034098,
    2.8961557275280905,
    2.994330497952771,
    3.0925052683774528,
    3.1906800388021335,
    3.288854809226815,
    3.3870295796514958,
    3.4852043500761765,
    3.583379120500858,
    3.6815538909255388,
    3.7797286613502195,
    3.877903431774901,
    3.9760782021995817,
    4.074252972624263,
    4.172427743048944,
    4.270602513473625,
    4.368777283898305,
    4.466952054322987,
    4.565126824747669,
    4.663301595172349,
    4.76147636559703,
    4.859651136021711,
    4.957825906446392,
    5.056000676871074,
    5.154175447295755,
    5.252350217720435,
    5.350524988145116,
    5.448699758569798,
    5.546874528994478,
    5.64504929941916,
    5.743224069843841,
    5.841398840268521,
    5.939573610693202,
    6.037748381117884,
    6.135923151542565,
    6.234097921967246
  ],
  "bins": 64,
  "period": 100,
  "t_min": 400,
  "t_max": 708.6374000000001
}