{
  "target_counts": [
    36,
    30,
    30,
    24,
    29,
    40,
    34,
    35,
    40,
    41,
    28,
    43,
    26,
    29,
    41,
    36,
    31,
    18,
    38,
    38,
    29,
    32,
    21,
    35,
    41,
    37,
    26,
    28,
    41,
    38,
    32,
    26,
    26,
    30,
    45,
    36,
    26,
    33,
    41,
    45,
    48,
    42,
    40,
    32,
    42,
    38,
    39,
    33,
    48,
    30,
    36,
    40,
    45,
    36,
    30,
    40,
    30,
    30,
    21,
    31,
    23,
    18,
    18,
    14
  ],
  "reference_counts": [
    20,
    12,
    34,
    32,
    25,
    37,
    27,
    26,
    34,
    33,
    22,
    14,
    39,
    27,
    24,
    40,
    19,
    25,
    47,
    21,
    17,
    31,
    31,
    23,
    30,
    36,
    19,
    25,
    42,
    25,
    21,
    33,
    17,
    25,
    45,
    28,
    16,
    39,
    25,
    23,
    31,
    26,
    16,
    34,
    35,
    26,
    24,
    39,
    20,
    30,
    32,
    21,
    28,
    30,
    29,
    20,
    26,
    38,
    23,
    29,
    24,
    13,
    14,
    34
  ],
  "differences": [
    16,
    18,
    -4,
    -8,
    4,
    3,
    7,
    9,
    6,
    8,
    6,
    29,
    -13,
    2,
    17,
    -4,
    12,
    -7,
    -9,
    17,
    12,
    1,
    -10,
    12,
    11,
    1,
    7,
    3,
    -1,
    13,
    11,
    -7,
    9,
    5,
    0,
    8,
    10,
    -6,
    16,
    22,
    17,
    16,
    24,
    -2,
    7,
    12,
    15,
    -6,
    28,
    0,
    4,
    19,
    17,
    6,
    1,
    20,
    4,
    -8,
    -2,
    2,
    -1,
    5,
    4,
    -20
  ],
  "bin_centers": [
    0.04908738521234052,
    0.14726215563702155,
    0.2454369260617026,
    0.3436116964863836,
    0.44178646691106466,
    0.5399612373357456,
    0.6381360077604268,
    0.7363107781851077,
    0.8344855486097889,
    0.9326603190344698,
    1.030835089459151,
    1.1290098598838318,
    1.227184630308513,
    1.325359400733194,
    1.423534171157875,
    1.521708941582556,
    1.6198837120072371,
    1.718058482431918,
    1.8162332528565992,
    1.9144080232812801,
    2.0125827937059615,
    2.110757564130642,
    2.208932334555323,
    2.3071071049800045,
    2.405281875404685,
    2.5034566458293668,
    2.6016314162540475,
    2.699806186678728,
    2.7979809571034098,
    2.8961557275280905,
    2.994330497952771,
    3.0925052683774528,
    3.1906800388021335,
    3.288854809226815,
    3.3870295796514958,
    3.4852043500761765,
    3.583379120500858,
    3.6815538909255388,
    3.7797286613502195,
    3.877903431774901,
    3.9760782021995817,
    4.074252972624263,
    4.172427743048944,
    4.270602513473625,
    4.368777283898305,
    4.466952054322987,
    4.565126824747669,
    4.663301595172349,
    4.76147636559703,
    4.859651136021711,
    4.957825906446392,
    5.056000676871074,
    5.154175447295755,
    5.252350217720435,
    5.350524988145116,
    5.448699758569798,
    5.546874528994478,
    5.64504929941916,
    5.743224069843841,
    5.841398840268521,
    5.939573610693202,
    6.037748381117884,
    6.135923151542565,
    6.234097921967246
  ],
  "bins": 64,
  "period": 100,
  "t_min": 400,
  "t_max": 707.37195
}