{
  "target_counts": [
    27,
    28,
    24,
    27,
    18,
    25,
    35,
    42,
    43,
    53,
    24,
    21,
    26,
    36,
    34,
    53,
    58,
    39,
    39,
    18,
    23,
    39,
    39,
    51,
    52,
    22,
    28,
    34,
    41,
    46,
    36,
    19,
    23,
    26,
    35,
    26,
    36,
    28,
    24,
    29,
    39,
    22,
    41,
    35,
    46,
    37,
    22,
    27,
    20,
    36,
    28,
    50,
    25,
    31,
    43,
    20,
    23,
    27,
    29,
    31,
    42,
    33,
    34,
    29
  ],
  "reference_counts": [
    52,
    54,
    36,
    58,
    43,
    46,
    54,
    48,
    43,
    56,
    55,
    51,
    60,
    65,
    46,
    57,
    49,
    56,
    54,
    46,
    40,
    46,
    67,
    44,
    48,
    51,
    48,
    50,
    41,
    57,
    42,
    48,
    61,
    42,
    47,
    53,
    45,
    40,
    44,
    46,
    44,
    60,
    46,
    32,
    55,
    44,
    39,
    43,
    50,
    42,
    49,
    58,
    45,
    40,
    39,
    52,
    43,
    41,
    47,
    36,
    47,
    50,
    35,
    43
  ],
  "differences": [
    -25,
    -26,
    -12,
    -31,
    -25,
    -21,
    -19,
    -6,
    0,
    -3,
    -31,
    -30,
    -34,
    -29,
    -12,
    -4,
    9,
    -17,
    -15,
    -28,
    -17,
    -7,
    -28,
    7,
    4,
    -29,
    -20,
    -16,
    0,
    -11,
    -6,
    -29,
    -38,
    -16,
    -12,
    -27,
    -9,
    -12,
    -20,
    -17,
    -5,
    -38,
    -5,
    3,
    -9,
    -7,
    -17,
    -16,
    -30,
    -6,
    -21,
    -8,
    -20,
    -9,
    4,
    -32,
    -20,
    -14,
    -18,
    -5,
    -5,
    -17,
    -1,
    -14
  ],
  "bin_centers": [
    0.04908738521234052,
    0.14726215563702155,
    0.2454369260617026,
    0.3436116964863836,
    0.44178646691106466,
    0.5399612373357456,
    0.6381360077604268,
    0.7363107781851077,
    0.8344855486097889,
    0.9326603190344698,
    1.030835089459151,
    1.1290098598838318,
    1.227184630308513,
    1.325359400733194,
    1.423534171157875,
    1.521708941582556,
    1.6198837120072371,
    1.718058482431918,
    1.8162332528565992,
    1.9144080232812801,
    2.0125827937059615,
    2.110757564130642,
    2.208932334555323,
    2.3071071049800045,
    2.405281875404685,
    2.5034566458293668,
    2.6016314162540475,
    2.699806186678728,
    2.7979809571034098,
    2.8961557275280905,
    2.994330497952771,
    3.0925052683774528,
    3.1906800388021335,
    3.288854809226815,
    3.3870295796514958,
    3.4852043500761765,
    3.583379120500858,
    3.6815538909255388,
    3.7797286613502195,
    3.877903431774901,
    3.9760782021995817,
    4.074252972624263,
    4.172427743048944,
    4.270602513473625,
    4.368777283898305,
    4.466952054322987,
    4.565126824747669,
    4.663301595172349,
    4.76147636559703,
    4.859651136021711,
    4.957825906446392,
    5.056000676871074,
    5.154175447295755,
    5.252350217720435,
    5.350524988145116,
    5.448699758569798,
    5.546874528994478,
    5.64504929941916,
    5.743224069843841,
    5.841398840268521,
    5.939573610693202,
    6.037748381117884,
    6.135923151542565,
    6.234097921967246
  ],
  "bins": 64,
  "period": 100,
  "t_min": 400,
  "t_max": 995.55525
}