{
  "x": [
    5.0,
    5.5,
    6.0,
    6.5,
    7.0,
    7.5,
    8.0,
    8.5,
    9.0,
    9.5,
    10.0,
    10.5,
    11.0,
    11.5,
    12.0,
    12.5,
    13.0,
    13.5,
    14.0,
    14.5,
    15.0,
    15.5,
    16.0,
    16.5,
    17.0,
    17.5,
    18.0,
    18.5,
    19.0,
    19.5,
    20.0,
    20.5,
    21.0,
    21.5,
    22.0,
    22.5,
    23.0
  ],
  "y": [
    195.0,
    189.86111111111111,
    184.72222222222223,
    179.58333333333334,
    174.44444444444446,
    169.30555555555554,
    164.16666666666666,
    159.02777777777777,
    153.88888888888889,
    148.75,
    143.61111111111111,
    138.47222222222223,
    133.33333333333331,
    128.19444444444446,
    123.05555555555554,
    117.91666666666666,
    112.77777777777777,
    107.63888888888889,
    102.5,
    97.3611111111111,
    92.22222222222221,
    87.08333333333333,
    81.94444444444443,
    76.80555555555554,
    71.66666666666666,
    66.52777777777777,
    61.388888888888886,
    56.25,
    51.111111111111086,
    45.9722222222222,
    40.833333333333314,
    35.69444444444443,
    30.555555555555543,
    25.416666666666657,
    20.27777777777777,
    15.138888888888886,
    10.0
  ]
}