{
  "x": [
    5.0,
    5.5,
    6.0,
    6.5,
    7.0,
    7.5,
    8.0,
    8.5,
    9.0,
    9.5,
    10.0,
    20.0
  ],
  "y": [
    195.0,
    189.86111111111111,
    184.72222222222223,
    179.58333333333334,
    174.44444444444446,
    169.30555555555554,
    164.16666666666666,
    159.02777777777777,
    153.88888888888889,
    148.75,
    143.61111111111111,
    40.833333333333314
  ]
}