{"y": [0.1926080587628958, 0.18021890443421526, 0.17423406781964004, 0.17612284668262534, 0.18972575146015794], "x": [10, 20, 40, 50, 75]}